Name,Attachments,Category Primary,Categories All,Priority,Pricing,Description,Direct Link,Slug
Component Gallery,image.png (https://v5.airtableusercontent.com/v2/24/24/1703844000000/cIldMsnDoVZunPPpRh3hZQ/WrYV88LO0qT7jG2HfGCatxtCCHpJ8TNH55eqlc8A60OZorNC1boEeGWAdsa_pndv1eAZY9rDde60S_uGsT4p9MckTthKnbjhVR_CZw-8WB0JyYijzQToEIaPelGYiqV7vYHBapXiWyt5CUQaFYycSg/teJFibkp5fB7hbUQBNtlQ6cwCOavN41hxT23bQNWnrw),Research,"- Research,UI Research",4,Free,Research components and its properties names throught main public documentations,https://component.gallery,Component Gallery
Saas Landing Pages,image.png (https://v5.airtableusercontent.com/v2/24/24/1703844000000/6i5WOZEAzCTlFFgcLyEPXQ/zGwbDMopDZqCt-ZqMBdIT-e8uFQqRD49M0jRwOmYqha8FsA9HffVIjiz5Lu0ayFmiSX3WNsUAYqzCH75mjDKbVmJKRJBbfLQYn34k896dOi1bK13qe0Ob8QAjuFpvBfzABuhU904i-6qhHHK9mlLHw/AF7vohIchCPDiWa-VwvVwUwPcBv1ak1fIoKNG8SWpzM),Research,"- Research,UI Research",3,Free,Inspirational gallery of hundreds of different landing page designs for Saas products,https://saaslandingpage.com,Saas Landing Pages
Stats Counter,image.png (https://v5.airtableusercontent.com/v2/24/24/1703844000000/8lzTrUjFZkdx65NkonvDIQ/k4bf1Z5a8XlNukeM9dXA0_SLQ_qs9MxtrPEj0Ax0TPCIdIIKZ2DWPAwJNhysNencEO5fHFkSKy61mr2xHPyxymsJayyq9OXjUGoE0SZltRFZdRTb9F-MKQPSncVSNocQz_tFvWyUc-Inf5ldlKy1Xw/UhY4o_-TWV91aKSqR5mNNVYhqCsAQkiAlggye6pu_TQ),Research,"- Research,UI Research",2,Free,"Data tracking market share trends by device resolutions, web browser versions, and device vendors.",https://gs.statcounter.com,Stats Counter
Similar Web Browser Extension,Similar-Web-Logo.png (https://v5.airtableusercontent.com/v2/24/24/1703844000000/eZAr-54Z06DHSJD833cCKg/cdJInVmHMafZDLI9IPa6NFCXAXoYEzCjHZYfAfSmpm4aOVptu-30BEs8BQHsG8NNmtVIGP23nluEgPXu122eI52LU7PKojFQnyDZVtPXI9GUZtGqWcsrRkihbRHV2ipW9ZOK9BWNAkBDG_KT6lf66Q/pKApgMqZYmmHO4U1UGf_8R_f7jtph1a5Jhvz5P3HCdg),Research,"- Research,UI Research",1,Freemium,Find out important data about your competitors or interesting sites you have just found,https://www.similarweb.com/corp/extension/,Similar Web Browser Extension
Omlet,image.png (https://v5.airtableusercontent.com/v2/24/24/1703844000000/YUsguDNa5HXOSfgKy81YlQ/iFrx6agalKp98peIU5X-kKv5kc75OV_B5dg2Ng-3aSQymuOIpMNF7Rq8briYslxKLf7XvGrnDMZ8cTelMQr8H8YS8BdyAg0Hmx784Z0R6lfoa9CfzGzC-YGnDJ3BmarPQXoQWhcr6I4vsNsQvbwTpw/4wi2nP1C9E3T8D2-WUarnHmQuReIKI_uutaVr1kXXmU),Research,"- Research,UI Research",1,Free Beta,Design system component analysis tool for developers,https://omlet.dev,Omlet
UI garage,UI-Garage.png (https://v5.airtableusercontent.com/v2/24/24/1703844000000/VysGgdsb5f42qyk8CFyx6w/DYig3z1suPKdXLSURUh0MiWGwJcTWRUWRZ8Yi2PaDEyW6hNZeM6OE888TYoVZMIpqNh5oTC8g4Ixf4g7gTKyv35qoPv_y0g897o1nZGGHMODaBwZ0X_FXEJm3kSv1m8SbO705XDBihdosnDwpa2WiA/CBizp68fd-WX0grAd6WeRLzUV8JaULeePXKcqUccwqY),Research,"- Research,UI Research",,Free,Showcases of various UI designs for inspiration,https://uigarage.net,UI garage
List of research methods,image.png (https://v5.airtableusercontent.com/v2/24/24/1703844000000/5y9AmJ9k0hX3tQgQfvvIAA/TG1PwRhL7gbuk2UZuHCu4XjGdW98FXmSXkMz4E8llrNtPaJCvoipV7NO5td3yxp0zSW5C8eutgBdbyd__NY2oAF3mwKq9Qq7HPgHI_7SgAiWTX_Ae6HS6fzjog6ozNUK9Nl58oWSvLdbWHjvsCYEBw/jkBGtlG5dHsPFuEIyF8MJ2Y069znGNd_Xn5OAd2Sxy4),Research,- Research,,Free,List of guides to the most common UX methods,https://servicedesigntools.org/tools,List of research methods
CSS stats,image.png (https://v5.airtableusercontent.com/v2/24/24/1703844000000/xq6FNlGFL98ecG1Xw2zjXw/P9MauqmW54Dp8G-3H_mL7iur_kvRkptZtPZZNTkRnd74h2ts2gIFEjZjKS8sPaMdZ4_WG7UeWJZ4agwKcyqMr6Wr4jQ4tQjBtDhfxXJBGC425VufIC8V4yB_2dDkfXRthD5pH1UoHQzedlK2JR6LWg/y6ns2i1hzWYfxwLPw12wd37S9I98wvDlJyDMYYmhKuA),Research,"- Research,UI Research",,Free,Analytics for stylesheets of live webpages,https://cssstats.com,CSS stats
Landingfolio,image.png (https://v5.airtableusercontent.com/v2/24/24/1703844000000/CXmaP3v3zie2gk7ncvh6zA/MBi-yUtwiaZE7JWcwhGeCMd6u1vwz6iM0gAWi_qr_zNlSnK42M2II-2ft3825qZDnUpI4kvVqG993zcD-mYJ9rKWtoEeKcpcFmVafOwDsDr-5DlLqFwetaO1bIaou7tVX8G9rut8MUzY1oIKtYdiWw/ro4zYb3nZ6b8As8jKbDdxICPXALoWlIW14UuEmJs46E),Research,"- Research,UI Research",,Free,Gallery of hundreds of landing pages with easy filtering and generation of used colour scales,https://www.landingfolio.com,Landingfolio
Design Systems for Figma,image.png (https://v5.airtableusercontent.com/v2/24/24/1703844000000/u-i1UUc7TueX8T84-8Nfow/OT9D0sLYahhmXkUecz3yXlE089Cj_6g7EUeLOf33UVuATxFaFIvjmD6bfMizJY-WFky9Y3z9dLUJ4jS3sbddcVMH3WZVzySpFLqHujSkFhKyfxvJAu-hzkrI7m9Xp3pGIj4umiZ9KJLLG9WMWohBxQ/Esn0TAWHthu9xkImS-ySfXPbmfb2hMIGlR3XLvV9Pd0),Research,"- Research,UI Research,- Design Systems",,Free,Library of the largest publicly accessible design systems in Figma,https://www.designsystemsforfigma.com,Design Systems for Figma
Collect UI,image.png (https://v5.airtableusercontent.com/v2/24/24/1703844000000/pjJfhABgcY-e8j3nKLbN_Q/Di68sw650vU99pa-6rDMfGUyRVmRrDB8G7r6fDe4g930usG_elnk801rnjR3eqe4HLeqsSzmGqBl9uW7qI9yC9ddac1S-m39y8EQncArN0OOEGSF6hmF0SNY9htfeGDBVXVbOchdT28WnYX4IulCNQ/aOPKfG5y1MFWCtxz_H9pVq4zPr17jRD1frT41FgiOvM),Research,"- Research,UI Research,- Design Systems",,Free,Gallery of UI elements for inpsiration,https://collectui.com,Collect UI
SCRNTSHTS,SCRNSHTS-logo.png (https://v5.airtableusercontent.com/v2/24/24/1703844000000/v48nBOfMUpKw_zAGrgXo3A/6p3cD2DEk7p7WN5YL79KjNKJi0d-_f0aYf5nmqW_ifV2E9A6nCgIT0z4Gyp6DAtmm2tv7UhRqquyVzUtCsZDZwKwc6SpaSlmMX8O0DG_EPnuzNIwZcZf8LZRGej0cn39f_sc2VXptQ9IepaYzWyxvg/k9Rd7ZR6JSRZrq1JoJQZFMjY3la_Dte7tcDUnCAlB5s),Research,"- Research,UI Research,- Design Systems",,Free,Gallery of screenshots from aapstore,https://scrnshts.club,SCRNTSHTS
Bestfolios,Bestfolios-logo.png (https://v5.airtableusercontent.com/v2/24/24/1703844000000/jUhVatyt-QWk-FOU9SSLKg/F6YJ_iWZ_Z3tlTv-PQTUdgKwdVhFSep_U4727tIl5ImiZFFERghh0pRcr0-19Iv1MKQO5PvKbwYJTwWt71-nJTBuo3Bshsu0-ukb2yvwF1rl3H0yrQUlbbNRDLZMGA4nYxsoOVMHopymWHFPROvODA/YlUMEQnIDIORxDPGvNl9EjYcm-9Py1xcMoNVMJ0eUOc),Research,- Research,,Free,Gallery of portfolios,https://www.bestfolios.com,Bestfolios
Figma,image.png (https://v5.airtableusercontent.com/v2/24/24/1703844000000/46xs90GS0sVDJFfa2PWzEQ/zYDvyemPDFoSg_a-zwX-uu6G_JHmwXqLoZaLqLH6cDzIJJZYksTujoMZPHBGjkThSqxYWZydOF-2rpk9WoxrRTS99x6yfKgkpR4_QZYJ5PT9UzqFzBl5DSPuFVf5UdeAwpzcOS86MfRefb1jiqIuNQ/cPgCG9oJNrftNNYgvuoBDZGXWTnOwtBHFWDeiytYnYA),UI Design,"Prototyping,Hand Off,Mobile Apps,Styles,- Design Systems",4,Freemium,The industry standard for design and prototyping,https://www.figma.com,Figma
Uizard,Uizard-Logo.png (https://v5.airtableusercontent.com/v2/24/24/1703844000000/LrLpW4RO7o7qOcqlCrFEmQ/W2yGZcoKDnmyC8S492SOTHYdOvJG7cUbvvn5cTE0qrLrOZvhwmiEkpZ4tiGhyIff2KY3s2JVQf2E8zWkFJIlvmRd3Q4r56l_TgZGi7c9wiz52H2dgOLmtWKYa8k1iWJenA1zEqWHcl2CLw4oSNR2Qg/877m5KTiEcwr0S-DJzxtzvM1JJXq2vqTuPnYEfKtmnU),UI Design,"Prototyping,- UI Design,-- Ai",3,Freemium,"UI creation tool using several ai features such as smart assistant, wireframe to design conversion or text to ui mockups",https://uizard.io,Uizard
Lunacy,Lunacy-logo.jpeg (https://v5.airtableusercontent.com/v2/24/24/1703844000000/Oc4O9ahYUlW7h9UkAlTCaw/_XboLASCjN1pXQsRiJ-8gHoJljjy_UUO_OTkVvsgE1p3vW_Il3TypUvKLfn-biSR5LaheyIfubyb3Vaw6KYQKzqoBBfQALMKVvqfISKQWm8zdY_Ft2E-QjdcNAOI0ir3Y4oFY_30314LeNTOiuJ-8w/IPRgxKvTihGTYNMojIpeFkq-kjoz-Xaxb5MexrAnhnk),UI Design,"Prototyping,- UI Design,Mobile Apps,Icon Libraries,- Digital Marketing,-- Ai",2,Free,An AI-based UI design tool that can access assets from Icons8,https://icons8.com/lunacy,Lunacy
Mokkup.ai,Mokkup-Logo.png (https://v5.airtableusercontent.com/v2/24/24/1703844000000/qVoi7MHmddmEWqly95Vs4A/U2_7IHkg0og8dILXuzU4vOAnm0MInurNtA4V-pSCiC7P-OF4UqtDq4dFCPCXCiZ0hMfYLyxVOQNQ6fRUB13gye_w03Tm9_Rt9FesYvXKWVf4WUsiJ6qQK0S_v5HkeBBbJAZ1gPKNhs_a3zigzkqPAQ/j2668h0FBvpxTWA-YJleYGLm838lBqr8yLy-h23RPGc),UI Design,"Prototyping,-- Ai",1,Freemium,A tool that turns a wireframe photo into a real UI design,https://mokkup.ai,Mokkup.ai
UX pin,image.png (https://v5.airtableusercontent.com/v2/24/24/1703844000000/WevvnBhcnlhrzXmYaXHZAw/qXOLz7urYfKGlC1-sjLBZT-nD1c-ZaEGcWZH6M4ylGHwIL1YMJdzm-sqohG3TesbEnaVRtiI_o5XZKx9tOMnI28oGwDsCipS0WAhr5uF4MaCkvN4X0g60djrrwxsXuE-d0FsqV55H27q39i4f6CfhQ/fR38GVzGl2M6QK7MTeS25QP-js6DspdG8IHt2N5CDmU),UI Design,"Prototyping,- UI Design,Hand Off,- Design Systems,- Accessibility",1,Trial,"UI design tool with support for technologies such as Storybook, npm packages and Git",https://www.uxpin.com,UX pin
visily.ai,Visily-Logo.png (https://v5.airtableusercontent.com/v2/24/24/1703844000000/MH-nPLY7rnLbLeFrDZkdVg/_OH3D9PxGfEOa0GBunQ4CpTTaNCiZAMdIsaSEgmGzUrFzVtxIVeHbOIjY6G4Zzb6SvOxe0odUjibjxi2H96yhxTJ1RBqt-l6CsBAnJS-3X1kTminXN8BVOoAN6_rAbP8YoVYHNyLWHrxNbnrtbFLAw/w9JDJMa1NoqCgPgvQV4FG_NCYbgOGgzpfZBjHPjs9rg),UI Design,Prototyping,1,Freemium,Prototyping and wireframing tool for non-designers,https://www.visily.ai,visily.ai
Sketch,image.png (https://v5.airtableusercontent.com/v2/24/24/1703844000000/u7So53xYsiasp6VxVe5Ymw/QhvcCWdTx8ucZW0XUBiy2vvzLQRIWpXN62wYx53eEBQWIaRx9Q-tiiL2L_HGi4DEAjddMi5fOlkiM67LLEMyBU4cdl0cOaFbjJcldh4LgQjJ16F0A1P8yUWFa9WkeqpYMyCps10AINLLdkn3TKDbTw/_-6eBDZv3ECMVo1eeJ4lrCCrvuGc4fFHcBfpTPJuUc4),UI Design,Prototyping,,Trial,The former king of UI design from whom the industry standard moved to Figma,https://www.sketch.com,Sketch
Modulz,image.png (https://v5.airtableusercontent.com/v2/24/24/1703844000000/l7Gibp9niNcMXikKbCFO2w/PSSVsnOte-nILFqrlpv388S1eNs-QrWkkJhUDZ8EYL4DPYnvrDaE1yO6pqfKm2IOdNGq9Ghxw1Pf_iskzV4LwT7mu95SRZedoXC5YSDprGX7k9-e97YWDwLziewuxwCKhHfrj4ReW3XxCdg502jnfQ/p-G0ejTURhx7gC8Y3KM4V2GIDOsnbXvqdl4BOZulpLM),UI Design,Prototyping,,Free Beta,A design tool that tries to replace Figma. Its main advantage is live components that behave similarly to code,https://www.modulz.app,Modulz
Theme Builder by Material Design,Material-Design-Logo.png (https://v5.airtableusercontent.com/v2/24/24/1703844000000/Eqk6eSvJrC9D0Y8xFoCMsA/sbfCjCJm1bzTVLDrIuDUe1udgmiyz_MLaHm1R-CmjAw0C7p_dP82Pb7b549hUCoZZsmi2xj_YquTOfH3iUYbnmn5m_gFOGuQGYkaP_Xql1uk-NTwIdNJhHY9zFEqWw6g31Z8g6IsGmuFqXdyqWjQr-NsAqjfMmFEU8xSRbG8iIQ/dPhRdD2S3tVDHDW9vkfNCyUzW7sAuzdA-jktKw6mWS4),UI Design,"Styles,-- Figma Plugins",2,Free,Material Design's tool for creating colour themes and scales,https://m3.material.io/theme-builder,Theme Builder by Material Design
Tokens Studio for Figma,Tokens-Studio-for-Figma.png (https://v5.airtableusercontent.com/v2/24/24/1703844000000/KpS-w9v1m5Hh7OoqDw5OtA/aRKykd1bsZJcnXTkDH1tY5qhyFLTwXcPtzFjMZHE-dMY6e_uPt8cs3DE6hgdeDSrtcaYueSq6WworqfRuv5b9yTOYdb2ymm8gnh618Ua4EeQHWa-HQmdGYT8MIvpnnVtxDp-iqMj_M27qL9Ft9WQLOKSvV-J8GyvN38kxVZKcIk/SPMXHb6yNZfai9y9Rb5yG967gmSaJcsQrLuSwCOz5_c),UI Design,"Styles,-- Figma Plugins",1,Freemium,Figma plugin for design tokens management,https://tokens.studio,Tokens Studio for Figma
Leonardo,Leonardo.png (https://v5.airtableusercontent.com/v2/24/24/1703844000000/k58dBfdOBmbhTzRFBTbmTA/GMeHFo7sDrd9DaDDOW4VqI573ubcUD9Y5Znbc5BNqOTX7b4i5ahYpJOY8fZKF-Voe6sW5U93t1pBW30wwIaPpts_x_Y05QKPziXcO4pnA80lBL9sqqBWniL81VsXZo_P5BGveKFDBoQAMup3keVdVA/J2qUXcHR3zP71LZdw-n1sI8cqXEIyWRlbQ0EZp2Kw4c),UI Design,Styles,,Free,Generator of color scales with information about contrast value,https://leonardocolor.io/#,Leonardo
Contrast Grid by Eight Shapes,Eight-Shapes-Logo.png (https://v5.airtableusercontent.com/v2/24/24/1703844000000/cEXNycqPhXTgVsOVRkXnRw/hEn0JYb28WUMF_FTzQRedQJterIJ7XISK2rupBre1yoZqWGzqMZlQUMDiUF2zYOlqG6jKBtpulMrdQ5pw2mNPUK7Aesfm2O0dE24X63hs9IzFAmSplir-hI6tgKxpoEpw4ElkO6h1qMEa_J-u9dEI47949pD743eGNBw8wDy91g/9nKLkWe_jJXNFueaQR88uR3XfISi0btRV92SXSZXRag),UI Design,Styles,,Free,Test many foreground and background color combos for compliance with WCAG 2.0 minimum contrast,https://contrast-grid.eightshapes.com/?version=1.1.0&background-colors=&foreground-colors=%23FFFFFF%2C%20White%0D%0A%23F2F2F2%0D%0A%23DDDDDD%0D%0A%23CCCCCC%0D%0A%23888888%0D%0A%23404040%2C%20Charcoal%0D%0A%23000000%2C%20Black%0D%0A%232F78C5%2C%20Effective%20on%20Extremes%0D%0A%230F60B6%2C%20Effective%20on%20Lights%0D%0A%23398EEA%2C%20Ineffective%0D%0A&es-color-form__tile-size=compact&es-color-form__show-contrast=aaa&es-color-form__show-contrast=aa&es-color-form__show-contrast=aa18&es-color-form__show-contrast=dnp,Contrast Grid by Eight Shapes
Colorbox,ColorBox.jpeg (https://v5.airtableusercontent.com/v2/24/24/1703844000000/nCEm5fUMYrsLZUTFCTjUXA/QgvU8iQ1CKULOXXZBXvZgkHz9Y58EOlZafMhjM8KLW_JPLQlmO7b0d_Onigh5DlQM3kd6KE0xqE0h45xMs7FSvkdP9atdFk_PtKhkphiv3P-8o8qA15bsi3wQy43tATIE3mgdgfwwDVtFjUqHP0DMA/jUCWciICO5uWe378Abp5XxjSJ5gUy8hffZFu0vxpb-A),UI Design,Styles,,Free,Very advanced color scale generator with custom Figma plugin,https://colorbox.io,Colorbox
Geenes,image.png (https://v5.airtableusercontent.com/v2/24/24/1703844000000/1jjFabw1aVEJsoDxVP6qIQ/8ShGwPbBNzBSd8oXzz9ny-W9fVq-cArNqNR6C-Uyjct60rcNR1t_pn__UJABR9mmL4oZgWxI2pO35S1i0Q8HgII9qMUwhr0oWJ19H_HMdmurdDfzZFHDcoRDdtUxL2_JZVxFXsQvP9fw01P78u1rJw/cTOdjhPuu7R9Fk4AlbSKYhiKFg4ijENCM9F1D5mteK8),UI Design,Styles,,Freemium,"Comprehensive tool for generating colour scales, including curves, grids and exports to many technologies",https://geenes.app,Geenes
Design Tokens Generator,,UI Design,Styles,,Free,"A tool that helps generate your token scales into JSON, CSS and SASS",https://tokens.layoutit.com,Design Tokens Generator
Accessible color palette builder,Snímek obrazovky 2023-05-28 v 16.32.57.png (https://v5.airtableusercontent.com/v2/24/24/1703844000000/WKNdoVOZ4I_7Vj8JLCA0Ig/0SE7qeg4A-rQL8c0g4iKJXsfbEaCNkAmhkXZM2_qECzPBAvOJtQaJcgJs-ycy6qTCVm3WW7lIZLq1OF9bX5ZQtrOnssu460fFqYi5WTY0asJwpX45VJGAcqY53Z1cy1Ld0FQ8gu0mcWGMZSFBEeiBxTkcYSRJiUnji7hxNPPuFMG34aUQ2Ue2OM_TuNzUfyH/0mPEsWvgwBlxPfBOdJC4OZsJh3VRhatIC5Y1dz-rnO4),UI Design,Styles,,Free,Simple color palette builder,https://toolness.github.io/accessible-color-matrix/,Accessible color palette builder
EightShapes Specs,Eight-Shapes-Specs.png (https://v5.airtableusercontent.com/v2/24/24/1703844000000/TU_0Ix2OiCawjL_UGEf4hA/CYRD8u0cvBNgW4gXQmmyOZO3_sWS3hTsFoA1Hdvv9xX78v-Yyf1vAoLViGhcacdRx3aPmv9u3CqoZprxgMuUofE7bvrvyegbwUP5VZCo2waANhc-u7VmBObRUGqc2i4MwiCmezurHaLUgcnCsObyzkEFGlSGRvum_bxwJbXeisc/_ewsUgrKz_MfEyrKK1KXzz9Vmvcs4d9jMzD2_2zLl-8),UI Design,"Hand Off,-- Figma Plugins",4,Free,Figma Plugin that generates all the component variations and layouts you need to hand off to developers,https://www.figma.com/community/plugin/1205622541257680763/EightShapes-Specs,EightShapes Specs
Locofy,image.png (https://v5.airtableusercontent.com/v2/24/24/1703844000000/EAZ6JvtyMmONHux3uiLYHA/Ye4D3B9XxJdaIA3OOnpFDdPaDW2tNnB36t8AtxMY3DFK5YKUbTn_frUJczhIhNV24X_efhmLgv3LwcVrLOD8dIWbwb095q8Lzscz0JZuk1wuJv1yzwTwmmBXdHRE09nxkhzXpCGhvqnfeIRzZ3gDbA/jCPrm5xQ3kDdENYaal3quYMfMrAGmghqa9F99qRYgsw),UI Design,"Hand Off,-- Figma Plugins",3,Free Beta,"Ai conversion of Figma designs to any frontend technology CSS, React, Vue etc.",https://www.locofy.ai/convert/figma-to-react,Locofy
Story to Design,Story-to-Design.jpeg (https://v5.airtableusercontent.com/v2/24/24/1703844000000/_UJBtcqItYzTVXOs5YwmLg/CBgsn52mvDq9Br5OL8sTTHXyOMpWw_svdeicQDtR5jmhaXtmsSlgEee4NgWUEHUxae_ccQ-RQ3DvUJE_6idu2lt1-IM0FQj92grE7QaZ_3tOOEsYORDKMp0yxWhOGLWNAkfGEIybmnaCd2-0CyW3EQ/KplhV41uvx0Cj-HqKSeymr8CT4F4wnqVcW71p4xpuIA),UI Design,"Hand Off,-- Figma Plugins",2,Trial,Tool which generates UI components from your library in Storybook,https://story.to.design,Story to Design
Anima,image.png (https://v5.airtableusercontent.com/v2/24/24/1703844000000/8O9gay3vft__t567oJFKuw/5YjAKIIRf7BcJwY89VnvYG6DdSxlbjXgiC_OR9AOkEmPSMP1QLzAGWe9ewem7KvtY8XFBzUumE5M3HOItEe9A0oqbxaQdiap10N8hFQP2MdmhCWOdi4cfPyZtckfPHTJSSXn-2EKRgEAoeqTuS48cQ/fS40WGGBHCprQ7tNjkekzLGjhDaEPDbnHL0uuy4OON0),UI Design,"Hand Off,-- Figma Plugins",,Freemium,Tool for generating frontend code from Figma,https://www.animaapp.com,Anima
Sympli,Sympli-Logo.png (https://v5.airtableusercontent.com/v2/24/24/1703844000000/X-93Fr1mpDQyfDlDynNcdg/gIeaT9T0HLT9i1_bE1yAMb6s0mVAvuofuZL1_AINzzh9zMckZ36QrkpVsGNs313Bicsu1G6Nj_dgvlQ7dhMTmv5ol-aswPCANBMmY8J6JpN4UNT2Q9fe2KEwCoprtFZ73gfI_AbSH7Zb6lvRv26QVw/iLaG3cQHoH28JiEclfqkbcxKsh8h58ZRkO1uqsMLBbY),UI Design,"Hand Off,-- Figma Plugins",,Trial,A tool that simplifies the design handoff,https://sympli.io,Sympli
Framer,image.png (https://v5.airtableusercontent.com/v2/24/24/1703844000000/vP7Ig0f0pXiSk6-fjSsieg/bq_vxrVnLQhbxbQvlBd0p_HcTfnTHASMRQrIJHQHGh24A3vyQ9bvE3yVgK0IPwWMTMLXuhwugTvKCIG-KFv2C-0A_pYRFZfYNhsb846HQ7EJy8UHl09k2LJDSTOjtn9s_R87baE7WBag64sPO9Zuow/bpnsaAWEA0-cKo2PbBZDk0jkVp4Uyl4vl8Rxbq3BDeI),UI Design,Website Builder,4,Freemium,"Website Builder, which combines the simplicity of creating a UI design as we know it from Figma with the simplicity of publishing a real website as we know it for example from Webflow",https://www.framer.com,Framer
Webflow,image.png (https://v5.airtableusercontent.com/v2/24/24/1703844000000/h2QndPnx7TnwLvCQ921gtA/9TVRtHc-TRFCHJoeXp3Y070-VKWOi1UEFjDNwkcQyFzx76I0isQq3OkymKm0bfL98htejvmvP_xOFZFkVDKl3J1atHtuygMaq-5gRQi6BMpsbE4YojA-MBhkbynl975XvOUpMuFgMkIcX2eWY69lnw/QXNXHMbWs_OpSwlV-8v4ak08ut0Oit6ADA5ylqFtxJk),UI Design,Website Builder,3,Freemium,A website builder that made it possible for non-coding designers to create a live website,https://webflow.com,Webflow
Canva Websites,Canva-Logo.png (https://v5.airtableusercontent.com/v2/24/24/1703844000000/lVvA0Iul5Wu_TX6GEGbrBg/SI_IILN9wWL_d_WWkuEef1LLms-Act896lCRFkMXFaCsYB6VEQNKJmvFrcIwBpDCDO598kMZLGWoU__AXHHdTvyE8Yi1vWaTWpCd5mOkAQzBDq7BcaZ0lsJYa3-HD_lUZpGkPptHeyrwOMrWRvyciA/zurxK8DMqYUP2natCDb9Nk-80yCObrBFpXGqhViWxs0),UI Design,Website Builder,1,Free,Online tool for creating simple websites,https://www.canva.com/website-builder,Canva Websites
Webstudio,Webstudio-Logo.png (https://v5.airtableusercontent.com/v2/24/24/1703844000000/Ujw-V7bZjBbPy8i_yeLOaA/jBbyr4ymfz_iNcwSRW8lPQCA1QrIH_ooGLjfP0CutA53gCkag255xgUPWa2mZg6NJtleWjav43sUKXZvurOAa1IGuBWrHGw7xfCde98Dgc5f8Me0zVy99kNlp2mluMG6nRM_QoWSR99PkhQj4ZTuAA/ZYQcFcTc8b1VoQaGxoSFeqsiXSiBxVLdLzwlj5j0f9c),UI Design,Website Builder,,Freemium,No-code website builder,https://webstudio.is/pricing,Webstudio
Startup,Startup-logo.png (https://v5.airtableusercontent.com/v2/24/24/1703844000000/Y3vRszfho9qDkMSMxovc6g/BXMteLKnL10PIYPp8V_2fd0fGYoF4fKYuwzyMXG_acNXZ9JAsU2NQ_bQTyDfB7A1lkDQlzWK5hDLwK1847dWgGZDqBMxJHF0ujT_hvwCpkoLE4BAvfTuLX0mGAG0wpwkpDFuD7HwYgaJaX0Ff3Z3UQ/Sev_OilJoX2VvVW1sUDrfjgYh65DYTuBcRp9P8bYvAY),UI Design,Website Builder,,Freemium,No-code web builder for startup landing pages,https://designmodo.com/startup/,Startup
Onuniverse,Onuniverse-Logo.png (https://v5.airtableusercontent.com/v2/24/24/1703844000000/Z02BEy2nywd0Dl57yp0_Aw/Ot6YiGzdpiB78GSr9JXfaMvOJaTCtv1M3dCiJ5AzscAX6rXxkRQwJZHEr55nc7YH5m90zKzRAX9hu39IsSznc0pEfRMm7hcP_sovoMmVeJLvjTrh5IIVqNKSd1k3MXpoTCEaBXWv_QdypL8E1939hQ/vhmz0duVhn_QUSLwSeCT5Q-S4wXwjjEGHmUKCEg0cjI),UI Design,Website Builder,,Freemium,Website builder in a mobile app,https://onuniverse.com,Onuniverse
Builder X,BuilderX-logo.png (https://v5.airtableusercontent.com/v2/24/24/1703844000000/r7pPcPWNInijpuoUcRyX6A/Ksd6Ml6Jl1FYd9rvVXroK83hY8B5iRH4Zcn7YTOgw6DS-nyfl-9fHOEtkplQlWhU7FQkUIeMgP7z665Djt84kIzPZ73G8SM6uyk-i-Jeia4j6NjoetU_HodVVmOXl6i5GC-8aOXRlqOh0TWEjJ763Q/JpSfRDxYYqqCaUsE6US_Hh5TcdI7cguDJvL34gm4xOQ),UI Design,Website Builder,,Freemium,Web-based online tool for creating react native applications,https://builderx.io,Builder X
Podia,Podia-logo.png (https://v5.airtableusercontent.com/v2/24/24/1703844000000/8PeMVIMHUFdDFnyEOK5X8g/r52ACuw15NFihOdTk89zPJAdRcU579MzAQO_Lm1lTC78S2ZDq3zEVPfuX1Cy4EI3IuYLHbEu6irx7Uj6P_1yf58L8Tnh-IDmjV3AVUa_7O5OBP7Zo9rOyuKgdEdVnJGIid63xQF4s7x2HRZ1vkY3CA/aO2bOuretmFamM9Hhy2fxmAgfMDVLnI09xYkmqwf024),UI Design,Website Builder,,Freemium,"A tool perfect for creating your own online courses, selling online files or consultations",https://www.podia.com,Podia
Stark,image.png (https://v5.airtableusercontent.com/v2/24/24/1703844000000/ONAzI1XvdsX8gIzFtKvECA/v0qofYIs-pwsFHoCWDW5L5lqdBqI6Ax5Oz62ihiARuPoOKwPHEHp-vmWLLjdVoNMkpl-4WXhsGXpSnqhB_SDHizvlo3db3R7Z7ypVB2DuZarnPReSbNI4nAYM6-4Vch57RR3_KFEuwdzVBuebZSFrg/tiTh7UQwzeMrs-Uj8fA68uQ-mrxtykuHRfm8cxqk3rw),Accessibility,"- Accessibility,-- Figma Plugins",4,Freemium,"User interface accessibility testing tool. Works as plugins to major design tools (Figma, Sketch...) and web browsers",https://www.getstark.co,Stark
Access Guide,image.png (https://v5.airtableusercontent.com/v2/24/24/1703844000000/9Y1yZ4vUWKzzzM3SGaUDHQ/tmnBhDb_uQ92nzq1pAxbxAKxdWL4VbOlsEb3pzXOMovvJASjjzF-UzGzmJRsJu6dn2fyMTuOpAO5b1vtG0nYrHSFtzp-FLaG38a3fgewOjmQ6JLAxhI_FM4AleCfW-RhUkQknk6sWVt4NsuIrrFbyQ/PCJs46JhzALezmvuAogCITY-kvELo3iQnqoIvLriJwQ),Accessibility,- Accessibility,3,Free,Friendly introduction to accessibility,https://www.accessguide.io,Access Guide
Whocanuse,image.png (https://v5.airtableusercontent.com/v2/24/24/1703844000000/zLtzy_SbeEvc33YXKTv2rw/2hhv6lw5Qz9NNtHDNDj5RxbHWepcXYu6odpSMS568Brt7M3D154bQvz3G0eEeaOcO8W8C8mqgOoMWg4QEx9uXdtSoO9_RfSZphrMHp-OxFlBEWFijzJASeMfrnxPNXn5GvHxD8aQIQAm2_P_rtldUA/bt6zbCmc7DnyhxKmnIxHQvUkdr5hi0ykQBeKkLSCiX4),Accessibility,- Accessibility,2,Free,Simulator of different types of colour blindness,https://www.whocanuse.com,Whocanuse
A11y Project,image.png (https://v5.airtableusercontent.com/v2/24/24/1703844000000/ZmxpOpCq0apitlsWdRYfnQ/rl82g8n4_HYqxfzbU0U9o3EE8xe4sMhFWRBpLQkNoncEntOS9KaMNR18VMWW_VdY_Z_uwdvVTmUT5Hs3M1HM5WlgE5nC3PFc-VDGDS-zHNtqfo7eLEb3MMviz4jICxsGnvgsUyCJfjkMzmSJwmeWgA/GLjTJdZituwC7MUFEmh-HJVNUazz_3I8cYWId3xvWe4),Accessibility,- Accessibility,1,Free,A community that aims to make digital accessibility easier,https://www.a11yproject.com,A11y Project
Accesibility Checker,AccessibilityCHecker.png (https://v5.airtableusercontent.com/v2/24/24/1703844000000/lxHZrP05Ng51oOOyXR1tUQ/GVtYwIef9yOc7jvb7RjdlnEmo2WD7MeewRKaSrJcXWtKFnDZKws7xwLRwDNFIWfX9-AR4MiwWVRUbKfcQrQZ0oJlJp9Jq1zKesPg8L1_RtFurOKkRBucvCFwZiPsuHk7uhhzhgrdHQ7Kgw4AafSi7cmIE7Ls2ZnTvvCF6Jjmryw/duVGx9t8U6deYjml-HQhHTa6kEKUl3yQ2Yrw1xkyNM8),Accessibility,- Accessibility,1,Freemium,A web page scanner that is able to identify how accessible a page is according to a chosen standard,https://www.accessibilitychecker.org,Accesibility Checker
Adee,Adee-Logo.png (https://v5.airtableusercontent.com/v2/24/24/1703844000000/fwi4B7PN5LjVF1yT6Xx6PA/ulAwvtR7mZRfgJjq8DxCEvFi2LOFicWOJOYbBlC0skXTNu0KR6ikb45VIEZcwGoFyYUMuBWZoBH4rrULfG99zff7P1y_96duwkGU-doW08RG9tKcqe7ytlrmLAXW_V_WOXIletDkK6P5I-XsSGXgOw/xneccuzzy3AdoK5wpXbqu-GICoRlK4_MpNOujyh7sjU),Accessibility,- Accessibility,,Trial,Tool for contrast control and visualization of different types of color blindness,https://www.figma.com/community/plugin/931280467863251825/Adee-Comprehensive-Accessibility-Tool,Adee
Wave,Wave.png (https://v5.airtableusercontent.com/v2/24/24/1703844000000/TOumMKcii6ZAmJXNpUPzwQ/BOXIJYBulchPiFO9HI76jXc91DMRrM10zcloi37ypG0cuz2d5DCgaSM-X9T-V_d__R0gUZ0wkqeo0P7W6W8LLUrgJDQ6jl7-Tb2H1gmL27wYPtzkBTuoo0LS0czIgEz8MZDAxr4jeeh23k_omWg-SA/Uzg8D1hoJQJSifbp_atTSzxHmE5QKvRDCPCugKPurkE),Accessibility,- Accessibility,,Free,Web accessibility extension for web browsers by WebAim,https://wave.webaim.org/extension/,Wave
Contrast Figma Plugin,,Accessibility,"- Accessibility,-- Figma Plugins",,Free,Color contrast checker,https://www.figma.com/community/plugin/748533339900865323/Contrast,Contrast Figma Plugin
HTML_Codesniffer,HTML_Codesniffer.png (https://v5.airtableusercontent.com/v2/24/24/1703844000000/Zzbs281WyJD9doJeg3dHAA/L0wK9bamEGwf1fUMa13yX0OkU8-silX-I-gYm276M1h9bQTN3YuHVfxRcUQ5bwfM8JfzXzj4J9TOD03YCBEiTqPCk3zicwGglVMkwLntBNZvGSpcAiVTaPj2gXyCf4OVR1xwTyB0-hLBXWfsKr2xJw/3TCDaBiXvgv7BTkFHROgG2Fk8SJsR1cCiZBsErx1Vm8),Accessibility,- Accessibility,,Free,A tool that validates inserted code against the chosen WCAG standard,https://squizlabs.github.io/HTML_CodeSniffer/,HTML_Codesniffer
Chakra,image.png (https://v5.airtableusercontent.com/v2/24/24/1703844000000/0rTj5UQreF6mqyHINUQFaw/iaVuo_I4EDj3GhbLDqNP6ByKEbretGYcJ3aJ9B8kXibVdxa7RAsV2xaDA1b_F6ckNqaGoJeFEIBZhCRQ3ydsO_5hKT5WoRHS7O0Qq6oPeh_GhPon2T0764KaoZRY0rbgvLDlYKx0VoVf6ZRw1K8mSw/GTQ-XolLt6agj6As7FHTkylYTxXWn9LWnYNFhkEqC48),Design Systems,Component Libraries,4,Freemium, Design system framework with free component libraries for React and Figma,https://chakra-ui.com,Chakra
Material UI,image.png (https://v5.airtableusercontent.com/v2/24/24/1703844000000/IS5g82tbe9hFKHM00-T4qQ/OQ8LxW0CfhyHaQ90dcqPVai5Ve2lNxG5qYEHI1SgRiTtGJu3Uj5DtGAARrmQn9itKJgXeDa6pYh135JXQLJnlPlSfMVmLq01zFS9f9HKyEFC-hWc6mDuKXJpREnTjisRY1Ucfqzx9CAFsUMyEUDJWQ/VIhSfFiRshUpRdUIb3mDnACHPCNKAzifdgRhLDibEn0),Design Systems,Component Libraries,3,Freemium,Large open source framework with free React librar and paid library for Figma,https://mui.com,Material UI
Bulma UI kit for Figma,image.png (https://v5.airtableusercontent.com/v2/24/24/1703844000000/M9Rnz7ADyP3hDH2Cvh5KpQ/idVSWwg6DSN76b1jx1IEe3nK4D9CTO5xIqe0NYWw0O6d5TajSdou5_mvGwNKmOcNucYRJ9swhyPC_RYSjePZPWG21aMemRVzeE2hC3PCBDX8zls2EXCm4siM3WuyKfnh9EEz8wplVqpELVbfHSVu5g/3jAuhOG_TDybBIquOA6yqex8c-sakCTjbbQEUpUHyHM),Design Systems,Component Libraries,2,Free,Figma library created for the Bulma CSS framework,https://www.figma.com/community/file/1156212137289942407,Bulma UI kit for Figma
Flowbite,image.png (https://v5.airtableusercontent.com/v2/24/24/1703844000000/5yA59lYQENk7R-0Yr58pGg/7qLkfcngXLhXn0RNqEIgmxNaZqtZ1hjGQJljAz8fOueUBZlyGF2tXxcx79lE0DzSOAgLOKe79Q6pUI90GIu0m8l7copI8CqovTrdg0tsDIRh_OQ68NNiTjGFcnfmv33CfQsot1kqzOYlJXrCalPuBQ/2CwI5g-HCl79oTHUcQSxJhfDqj7tJLP0poaHKKrBrYA),Design Systems,Component Libraries,1,Freemium,"Large component library based on Tailwind that supports a number of technologies such as React, Vue, Angular... with design asssets in Figma",https://flowbite.com,Flowbite
Apple Design Resources – iOS 17 and iPadOS 17,image.png (https://v5.airtableusercontent.com/v2/24/24/1703844000000/3XqqChYJArA3HzKIkUeEpQ/iyu0E2O-Q-Udoj8GO1NVZ7LiELbPcKoB8iPxw9AbjaJXpq7hH5nmlJoZCEylgNB-QGVAGwer-yKCTwjE1HPJfPX26p0KKTA8ADm5AnTMMV0H8Bds3jOlsj7aBczJqlELQWyDdVya0HwsjZeB0VEiIw/nwGwFXRhooIzMam5VkFKaSzvAjpI9UKvn9NPbtpPFqw),Design Systems,"Component Libraries,Mobile Apps",,Free,Official comprehensive Figma UI library for iOS 17 and iPadOS 17,https://www.figma.com/community/file/1121065701252736567/iOS-16-UI-Kit-for-Figma,Apple Design Resources – iOS 17 and iPadOS 17
Cherry,CherryDesignSystem-Logo.png (https://v5.airtableusercontent.com/v2/24/24/1703844000000/F6ci_1_oHr7qarLrjBei5w/Y93lHQGXCiYhH5ClSn1UlG1fstPgdafMWwW_04eWpgei71Lpnn4G92OjQpjMf7mwhkiG44acSgV_mL35erQnGRnY-C99yRs1DQQ1xOtnP0_IqjdJCXowRxK2XTUlPEUqImcV6zv2JHlPun9HQioacmaj5gFNIILXiQ4uyrAJCAQ/ayD48PP7G4Oh76bjbgBTrqOlK-ekvSoFLYD6OF8jbrE),Design Systems,Component Libraries,,Free,Design system focused on WordPress with free FIgma Assets,https://cherry.design,Cherry
Bootstrap 5 UI KIT,image.png (https://v5.airtableusercontent.com/v2/24/24/1703844000000/DgFjldDSLLeE7e6qd4zuyA/pbdcsUHx4Kv48BFCZVZ6L8PVgwskJUbbogSyDA_U-vsaOFaGGm0iz-QjfSUswIRf8Se0C7ER8RWenFdNq9CMiL8LNpltTHHeL0ajbppjNU0DKizb8MYxMeWzthdjt8h25ib5EcxGcd9ehzzYskOjvQ/NSRQ-QntZSBSVSmQnnpsNsx4-z4He0No8BanN0FSPxs),Design Systems,Component Libraries,,Free,High quality Figma library for Bootstrap,https://www.figma.com/community/file/876022745968684318/Bootstrap-UI-Kit,Bootstrap 5 UI KIT
Material design UI Kit,image.png (https://v5.airtableusercontent.com/v2/24/24/1703844000000/Xipq9w2NXhzDILdc0KpVPg/kbDpy_MyZFK49MJq1XgvwD-50TmX0PBd9UFuwqSQW0ioMXowIs1cMZX0bXyDghSl4HCVCjYE938gTJPzI04AU912IbBnpq2IQb-f42y6xtnEuRCR0sXdZU1YXB-1gjaPDx9sJU-hFDJi6_ldknC4Xw/4tWlCWrtqEHb7DcGeWnAz-onNkgcATd9Hzuk-hUWfKU),Design Systems,Component Libraries,,Free,Material design documentation including the official Figma library,https://m3.material.io,Material design UI Kit
Android UI Kit,image.png (https://v5.airtableusercontent.com/v2/24/24/1703844000000/csD2AZgraeIShVVbKg7Knw/IFjhl2oGhwZ8Oic_AomoxMnL-H50FMCNEg-gm2KZRe2W1KVvq35eCJqDc7FivjVcw1Li9J97pD6Gqo5STdt4wtNBBR37SFtEAWCDXKAevIJsPDv_Xnm0iyf4oFJUacM72hXRC91LZUIf7Feq4guOMQ/NN219ENFMOZkN_9vzEMgX7fDSGGJUHMOY0Vr947RCHo),Design Systems,Component Libraries,,Free,The official UI library for Android apps from Material Design,https://www.figma.com/community/file/1237551184114564748/Android-UI-Kit,Android UI Kit
Untitled UI,UntitledUI-Logo.png (https://v5.airtableusercontent.com/v2/24/24/1703844000000/UNDk6swtkPoV241vJyWyQQ/i5Dl1O8_jNu0CtrFrtgTky4xnMtFgn79a3RnfBOKVCk-QXUhSNRhga3iVFih8o2--JPLmW9SL29vhwv89Z6Vmb4FwgiJKbHqVyZjoPd8WletpOQwqws1AlD487_0FPpUTudSazW3bDwPrQo0wG-K0A/8do5Xanaz52ZnH4W1Z9r1CS63EbZPP_gvxPlTvLc50s),Design Systems,Component Libraries,,Freemium,Large UI kit for Figma,https://www.untitledui.com/pricing,Untitled UI
NextUI,,Design Systems,Component Libraries,,Free,Visually impressive UI library for Next with Figma documents,https://nextui.org,NextUI
Iconify,image.png (https://v5.airtableusercontent.com/v2/24/24/1703844000000/28_6aeOBtC_QbckeSoTjKQ/hseIkz4XK-C0Ce5VsssmzlMbZCUBLFvXhxFN-B0PHim1Vu1Yluz31DkBqZjR094nMrCOST75Vr_GRzCghaV4RDymnmluJ9j_oLT6JSsXCLy7iLBaYFT0iCseevMJt4XgkBMMYSjuAl9ujSmEzZiK4A/pSInJhbRaa9ftbgOfMH_6jZTdG4Ai-wRppELy6J6098),Design Systems,"Icon Libraries,-- Figma Plugins",4,Free,"Dozens of popular icon libraries in one place, such as Material Design, FontAwesome, Phospor, Tabler and many more. Designers can use the Figma plugin and developers can use the open-source API.",https://www.figma.com/community/plugin/735098390272716381/Iconify,Iconify
Material icons,image.png (https://v5.airtableusercontent.com/v2/24/24/1703844000000/Q5B_xSI7qJMDg1Llj_wLgA/8rN51Zqn7WHJ0M3Rc5KpvdElPPDgkquMk2OqvpcomvLWv6iQ_XYgfzHxj0nVQBCFmAfl2YyQnxoo_VywThSXTujMxmWGtCf0oX8thX9LDyqBaEmO2wvAJjekD5g2o_ADs80ELJl2O0RveEsp_YL56A/N4BaSWgRE7bBpVK9tk2MmdB_9tU4SIt_8cqnlgBf6HY),Design Systems,"Icon Libraries,-- Figma Plugins",3,Free,Material icons have been a proven standard for years. They can also serve as a good source of inspiration for naming or inspiration for creating your own icons,https://fonts.google.com/icons,Material icons
Phospor icons,image.png (https://v5.airtableusercontent.com/v2/24/24/1703844000000/-TNShsHQeNqjxLwjiP4ciw/nnX-FjHe7skZ8cEEU1HFPpX-fQSuwdkNb7jWfCTRV2HRuYEKuNTlM-MoY1lqxYOKdwapawDBnIYaA_we6wDpM7F4eWMzu0VuTi35vNP7ZodCdRq9Xc_B_B05_AlPpxLF-_cqgf6Aj_5OmuUBGB-Azg/YpCziXXMsfZQ1hdFgi02ikf6kZT07XybOrUn_hmUvro),Design Systems,"Icon Libraries,-- Figma Plugins",2,Free,Over 7000 icons with adjustable size and style,https://phosphoricons.com,Phospor icons
Glyphs,image.png (https://v5.airtableusercontent.com/v2/24/24/1703844000000/mG9vvxtrUBt3_6iCTzCEbQ/uL_MHYs4zrf_cHSiAYONEboiqEh26dwhg6rR_mxSmLoXc6chh7pvjVRy6dzWtv3s4J807ROn8ZkYBnDDFgR8WlAKtSoEYgZ7yNYUMzC-JJqpWnMxQt5z3wpGGWRCA2YX05tKVtKapStj0nAXpjjgbA/nl6tuwJeN4RA9C9Uqts8s_B2cSM7BWJVtyodPWmKk8c),Design Systems,"Icon Libraries,-- Figma Plugins",1,Free,"Over 6000 icons, Figma file, Web components, Github repo, documentation... What more could you ask for?",https://glyphs.fyi,Glyphs
Unicode Characters,,Design Systems,Icon Libraries,,Free,"The fastest option, supported by all devices, just copy and paste",https://www.vertex42.com/ExcelTips/unicode-symbols.html,Unicode Characters
Tabler icons,image.png (https://v5.airtableusercontent.com/v2/24/24/1703844000000/8A7qZvAaTWfxhhsr8bsmeg/bVQwandJJhxTzuIAlwaNPBA9U_5zepg24dJvEHA9PqQ5JhvC1JqxDeXDZ7oHkdvXbs4F_8Zq-75vbJOywNfbeuVnJ2TAKEjuhN8ZDU5oWlqdIiU7ZzNtd4adbixeq93lJH5m3zNU2WExtVcq-dMFbw/5ZiThvMzE3NykHLWJ7gojF0JRMEB8Si8Ugwj0kAta2c),Design Systems,"Icon Libraries,-- Figma Plugins",,Free,"Gallery of more than 4000 icons in many graphic formats with support of technologies like React, Vue, Preact, Svelte, SolidJS and others",https://tabler-icons.io,Tabler icons
Atlas icons,image.png (https://v5.airtableusercontent.com/v2/24/24/1703844000000/WokDu6ECIxsq-YKxNTGqGw/FeDGcvMqsywhHF5kbvO9CH0A54KXXZgvT0KbOsojE086jShBc4BQ-X1auVJZ7X3nYnAaRABbrTfRKQDca8vuvsNKonBI6L8TjIFfrHjRNv0bTvtD5gW3MGD90Usgkw_vqrIE-613-IVW68NZzBx7HQ/wAA_dHppZRQyk_b4tFHSalUDU5yY6QG5cJlBBwzyWj4),Design Systems,"Icon Libraries,-- Figma Plugins",,Free,"Open source icon library, available in SVG format with variable stroke, web fonts, Figma, React, Vue and Flutter ready-to-use packages.",https://atlasicons.vectopus.com,Atlas icons
Remixicon,image.jpeg (https://v5.airtableusercontent.com/v2/24/24/1703844000000/MTkYXyZmegBkzNn4D9w2Uw/ssBGmMNk_xEHp57DIhT8m-jqC5n_ogP8adWJQuW1NNUoa_6Z_6yYpp29_-EcViYaGikmQq38w_COHiunLq4wG8_xRVLaaxmsrcldG233cVv_hjAQTru1THpnpex5m9_5WyixjHCuZn6Tyf6jqWEXDA/_SyQiHhoBPJO6cFJXUEfbO6yHI0G8J2Bsa9cjD0kNWk),Design Systems,"Icon Libraries,-- Figma Plugins",,Free,Gallery of almost 2500 icons,https://remixicon.com,Remixicon
Supernova,image.png (https://v5.airtableusercontent.com/v2/24/24/1703844000000/49WwlYtdlZuhUgqtuL937Q/kpksrbDbv-qZaRAJLklPhy9KX04D8RYpSC08uPgbcHAivJ5mIUqJViykd4wORj1ShQPIjCZr5dKjYJlSLZwbsDYswLJDuKGsfFhwOp65d7K6FJtfL6LYFBc0ZU7-HvzU0JSuBR1x--VOJmBzzDe8HA/WOy8L7ha9v9iDuLYekenTfWlXXx9zPCPEPgyiCxtVVQ),Design Systems,- Design Systems,4,Freemium,Design system platform with advanced documentation generator and intuitive token management,https://www.supernova.io,Supernova
Backlight,image.png (https://v5.airtableusercontent.com/v2/24/24/1703844000000/pQn2S51mHvOzPMNuxhgNwA/xwXbDQWHMxEV8J0VAkJA6Eqk2Re-CVG8PkZk8E166_mHF5-zbvYKx0Zy8yeaRQFk0V5Hj3FcxipC4qMtNbnxdHmsqpze5P6a_FN_AG4BxAZU7AFDn-eg1wfvxI6DdqIrIhthDH7LfzqUGGZFarwTxQ/Ey3ggo7G31dt0A8QU66lpWzYR5TKQtkgjrZM9wP8YwM),Design Systems,"- Design Systems,-- Figma Plugins",2,Freemium,Design system platform for frontend developers,https://backlight.dev/,Backlight
Specify,image.png (https://v5.airtableusercontent.com/v2/24/24/1703844000000/tzg3bOa2mxDT6CMC4P06yQ/h5Q1Ri7JFL-946EJgnc_kRRAd1dkEaWfn9gRgqN_RSE9R46iedF6o6F0Hz0106hKlc4cmX6g1QttdAWc2Zjfa7jLrDJsTN1CsIg9nkOIkaWl--STkhNX1FBBFM0UhPZkgo5dlcnAdzu9mMmIpQh-Zg/-19BkcfvsE4-4cObmY0FQ6T-RjPAqm6eeDVSuGT76w0),Design Systems,- Design Systems,1,Trial,Design system platform,https://specifyapp.com,Specify
Stylebit,Stylebit-Logo.png (https://v5.airtableusercontent.com/v2/24/24/1703844000000/-Nac86PTQpq0TGZX5cZyAQ/84l3rdDzru27twGgFPegJ07IMY3Ptb3tUWbv4fMwTtnAGndaKXl_eFuzK4yn9DuQr_tMcLnRxAA4HzmkeKHc588LQ9HRA9FsJ8RkXfrF7Z-Yonq25-UWRkGBakf8h4WtFIZMzvKEi0N6fVjELREuuQ/sRxVy9PyTo8-5B0ANt3PxAuh129qtdoNmcD3-Cvo_vo),Design Systems,- Design Systems,,Free Beta,"Platform for creating, maintaining and measuring design system",https://stylebit.io,Stylebit
Toolabs,Toolabs-Logo.png (https://v5.airtableusercontent.com/v2/24/24/1703844000000/dxPiFzPKX7KjtfkxHCoZXQ/bQQD9q-A9LMFEF3fkR7FFXJYSEvOUVegAWszjL9qQd5UWwcL2iuk24kErcRjFz152My8QvMq2ThZ3mlNEMNwlJpMp_ESXjyF2W2Qe3DuNE4ASUwSstCQmWF1SUsZ6cG9q87o7PZKu82IHhMD0dDhlA/WsIREc9ssialZp1KgXth9jxirmkwn-uiaEmfcRTlgT8),Design Systems,- Design Systems,,Free Beta,Tool for creating and maintaining a design system,https://www.toolabs.com,Toolabs
Zeroheight,image.png (https://v5.airtableusercontent.com/v2/24/24/1703844000000/WzDgZTVJqYdHHVgtEVWvyw/6xQT3Ejbs-D7hb48uFdzLBPnTUKoK22a9L84rmvKvFfDi4QueCq7MU3Ae7nesCoRRvyU43YqGsoDAdxECP7lY1QnqIeNmuopnybyM_d4G8xwHZu3X2CjhQsapwlGQS7gOcRKNwOfh1e2gTHay9AabQ/qfPdZhCbXOLKU4JO-ieHHEmByFoUZ11Fze6c2yI6C_M),Design Systems,DS Documentation,4,Freemium,Design system documentation platform,https://zeroheight.com,Zeroheight
Storybook,image.png (https://v5.airtableusercontent.com/v2/24/24/1703844000000/60Syb3w1JakisCeMj167bA/lzx4eQJXAMIXG8WlQqCLUJewxc3j8CIIDKTua8xvdEmlph56KtBPj-fEZMT4WKwIYf3eRrpMCI6LIzfaWDqJI3uMKy1r2GGqRMZgZtu65DAYILw1tiEbn68Qe-7FdsBBBRUn3lVRTx5c4_8-aLlDtA/aIYY5VCTtnkDlQJXIoR5O0_atc0QXTkGJPbai1-Vp9w),Design Systems,DS Documentation,3,Freemium,UI tool for creating UI components and presenting them in automatically generated documentation,https://storybook.js.org,Storybook
Markpromt,image.png (https://v5.airtableusercontent.com/v2/24/24/1703844000000/mC8oKA-5MT1GBxd4-7ekJw/DwfmXHspvNvUQ-EdQk0OncISArTpkU0gmE_Oxoysvz7IhcOIDfP_LxE3IluYSqpP3OdFqhFCBvL7sMtOjPVLYlUT9z1aj_1niETFI8gPb1HzYA7E4HhmwUOs1RnxiBr1OfgB7VlzCrzIffsfqy8gkg/MKzzyZhl_lrfjXyMtUfLa7DsjTxvcO8ajRuU2lh7P_E),Design Systems,DS Documentation,,Freemium,AI chatbot for websites and docs,https://markprompt.com/,Markpromt
Automatic StyleGuides,,Design Systems,"DS Documentation,-- Figma Plugins",,Free,Plugin for generating style guides in Figma,https://www.figma.com/community/plugin/838622388628773312/Automatic-Style-Guides,Automatic StyleGuides
Auto Documentation,,Design Systems,"DS Documentation,-- Figma Plugins",,Free,Plugin for generating style documentation in Figma,https://www.figma.com/community/plugin/1134018716847999330/Auto-Documentation,Auto Documentation
Photopea,image.png (https://v5.airtableusercontent.com/v2/24/24/1703844000000/sbOQ8-nZM-PEFM3duhTBnQ/u7DLipfnpwacoruN2e8Pnyv3FAnVEFwieo9AbILSdxzWbvdAAkzknG4o5jYKXSfDQwXy_91nbABvLPrZax21Mh30ElKFGJCVhgEV9RloStyKEnEXKMXgClm-NdY18UT7iAOLdx0ijRir8EZoyRnGUg/Xx3CcS_1A6gL4vXT2eiClZGNHkz579H8-DVkjMBI-98),Graphic Design,"- Graphic Design,-- Figma Plugins",4,Freemium,Classic Photoshop in your Figma. All for free,https://www.figma.com/community/plugin/1164118094004004837/Photopea,Photopea
Unsplash,image.png (https://v5.airtableusercontent.com/v2/24/24/1703844000000/FtArmqTpjsUl2vpBK1SX-g/0KaF5Ro0viV0WhLlo-GEMTtXAh4RflBOgWumKywvlCMnXzvrVrNUP015v51qYSv4IXoqjClCjdkbRISUiahh4sBubHW_frOWBsp6zumhPK30bttrzNHz5_UCv3Bl5t-NJNADWg-qNdd_UtwK9kmQew/SqfK4qmkVVCek5wIz2eFE_S0P_GimtUg6wKW5FRxmiU),Graphic Design,"- Graphic Design,-- Figma Plugins",3,Freemium,A stock of free images and photos that you can download and use for any project,https://unsplash.com,Unsplash
UiFaces,image.png (https://v5.airtableusercontent.com/v2/24/24/1703844000000/IFI1aR5dG5vpBwYgeziFSA/WURKI7Bm_N5CMgUCxOEmkw_XhDtCaLZIwMY8OYPGJi7c065l6Mk6osjrUOteMOAYBKkSNwia0rAbE6zRllzp3a-m0EkRFA0fA_93xanH6EYxLj9J0Q7quyiG49d7ZiJpvVAclsOxHknvus_SKtAjYw/2N_JW0CWNkdIyKXTa6jV0qvoKjeTC01Um2B01AQkKM8),Graphic Design,"- Graphic Design,-- Figma Plugins",2,Free,Database of open source avatars that you can use as placeholders,https://www.uifaces.co,UiFaces
Humaaans,image.png (https://v5.airtableusercontent.com/v2/24/24/1703844000000/UWHAaNdjoQ7DicS_6yArPQ/e75pxYrEeDbWEG4g2CXbNCBqbCBQd_pKKh1eB5Hwj2LMwsAS_vyhyHk2iAmwy6s16bq9_7peQ2AJVEOkfV-q5RIulo_rpt0s2WjRxm4oRXzwF07fYRsNeydQUDNzucz6vmzpFrxDLtO7NvvsKSC6Xg/6pOuWm3GSlYZ-zG-apIFIGjJfU68KpCBlI-njI-CTf4),Graphic Design,- Graphic Design,1,Free,A library of vector drawings of characters that you can rearrange into any position,https://www.humaaans.com,Humaaans
Avvvatars,image.png (https://v5.airtableusercontent.com/v2/24/24/1703844000000/2OWadZodU7Ypvnuk1xJvqQ/jICBrC86t2xhvvigl-aM4uMCn1gZ6oTPBYQNt1O3f2VM99msxq7ePF9fKTLIFw90no0toC3L3u_ZC23JEx_xZT4yM9LBgJRIbJp3tW1D3397-OTOniYDBe-2OCNhWAPrttu9n9727qdXH0caQaENyA/O7a1kkfSPI2Ryj1nHPpnyc-Q9OtJPg0jGi3RT6CGo3U),Graphic Design,- Graphic Design,1,Free,Free avatar placeholders library for any project,https://avvvatars.com,Avvvatars
Logoipsum,image.png (https://v5.airtableusercontent.com/v2/24/24/1703844000000/Uc-lP14ovV-0IaXNtDqHrw/l1XttWJ_QXYAftl8RCjyNxDjJUjY00hGjtcDY_uiNLHH21L69Ye1klkaLf3Ovq0pAHT41yn8ijsIlIS55yWJdFLOA_fo9P9LACAxsoti8DiuNmiTljg8EHLp2NhNdKqg_3TnKfLqF8R95IdaHaF_vg/n_FUCFKW_pxO0IVa5z6d-fyxpXOFVUsSA3iYuDOn-ME),Graphic Design,- Graphic Design,1,Free,Gallery of logos that can be used as a placeholders in any design,https://logoipsum.com,Logoipsum
Drawkit,image.png (https://v5.airtableusercontent.com/v2/24/24/1703844000000/m6RMewRWiWrTsACi2ifQ3g/Be_pb7eqtyQAW874zMF8BaBSO61QD3u__W2sy1pkbkfekkAgwnwsl5oeQdfptF5qBxmebgQObh7VuVFC8ovERT6F_6AoW108Dh005Xxrq6hOTHSwSCFR_yYbhLBSq2YWphXx7LVmy-tt0VkymTYE1w/K968j5g6ifNqrCka_OWLIu_JmP1NAUGFOjPY_DcmmhU),Graphic Design,- Graphic Design,,Freemium,"Gallery of hand-drawn 2D and 3D illustrations, icons and animations",https://www.drawkit.com,Drawkit
World Vector Logo,image.png (https://v5.airtableusercontent.com/v2/24/24/1703844000000/h-QYVF_0f29hqz8CpCOPUw/ZONlPSSmhyK7IhpsmiCj1XBwISwq49EyRMYhuGz2NZPaCB53F1mpEHrj_VTg_UoU_8r9oPTKFR258tDSiKen9TTUgCFhl7i1cno_CL2LeTl0eOhxIXj_HqkZFfMMfX85xkZeo0Ex-LhuuWjYsHqwtw/wOtTjxuP3fPKhCu1HkVeTNBBuB9Wf1VZV24BuHFnzaI),Graphic Design,- Graphic Design,,Free,Collection of vector logos of the world's most famous brands,https://worldvectorlogo.com,World Vector Logo
Pexels,image.png (https://v5.airtableusercontent.com/v2/24/24/1703844000000/uUizOQFxb8OFhYZoO70sEw/1lzFjqxKWbGuMLWLH6F29E-xiWD3SKuVFmV1ErhGwVI-Hl9n_hICEFPyLd_GJu9hibXvaTa3Vtg_jwolEdK9t-zMUQJ4AGzwHkzAq7yVvqEefoEGJXx_7Z6VNkYJc32fbfcS_voh9fWvLunozA3GAQ/5qd41KBjnR2iLngqqTKib_hfElsqxCXriMMXj5aBqm0),Graphic Design,- Graphic Design,,Free,Free Stock Photo Library for any project,https://www.pexels.com,Pexels
Generated photos,image.png (https://v5.airtableusercontent.com/v2/24/24/1703844000000/JT6ATus4b_2ijgpG_n8JZw/BZDqO_QPivshUE_RrcgooPJ4tJty6cWWcqMldY9w6UifRrN_in7qEYj50RkL8Aj03w7cvo4NzSV4ZQbjSG0bYaBqZx7DhSedsXBWV76b9mBcrkxDwESrbxMmRNBeV9GeRAKEAf9K1Vxdu6I-Voe4sg/N24Nukjg4ibmDp23nZweAx0SNYGIQ0scwAupYwKqcI0),Graphic Design,- Graphic Design,,Trial,Photos of people who never existed generated by artificial intelligence,https://generated.photos,Generated photos
Frontitude,image.png (https://v5.airtableusercontent.com/v2/24/24/1703844000000/OB56I9Fdtl6gnZkBKs3ASQ/S6dPU4_SdEUHvW9Ri2ysSUpGlksN4UGeuY1iV42gknupnUvIEproHjdNKIdvFxZKdltjAPf9WOY0KknJvEY7poYHCp39niwgmslmOppizUwYOXD8jfHRDEqL6YEmsx1DKwBvyQ1Qc8dGwYrzEA1KVQ/I2UGDi3QdJeQq6Atg8Y72vrtPf62Owl5RKRteAynwoQ),Copywriting,"- Copywriting,-- Figma Plugins",1,Freemium,Figma plugin that helps to improve your microcopy,https://www.frontitude.com/ux-writing-assistant,Frontitude
Storyblok,image.png (https://v5.airtableusercontent.com/v2/24/24/1703844000000/Qx8j1-ZpcpIkk7pO_4GeXg/8eYpXVPipnyZwEXYHPg0Vnmmjrz0fadv2cpIiXXAdgkXE2kUhZ2Mw5PiuXwfo4br2oaVgGS72hnkIr_qb7F_uHwmHNIrMqQZj_zO1v0F-4SYoNZOnHD7BuWCWIZW3inD9wt0wenPJ4mltrSCm12jpw/DwReAwg2GpY47mIhXujFaBchoABLFHuIfh-TMutH_nA),Copywriting,- Copywriting,,Trial,,https://www.storyblok.com,Storyblok
Copy.ai,image.png (https://v5.airtableusercontent.com/v2/24/24/1703844000000/AwPwevpKePkUHh2FmHyS7Q/4xUqucgagbObgE4GxUAFJDhja8rW6GJQdiBPcP7dg2qicAH8Z_Tql11Tv5A4feIzbLliwmUTVyWkl0LvuwIuoZAZkRw0pRjxYsffTF9LJPXhZyy5e4tZPs2BtbNmU8Cru01DpnUfAi5HYQc0hx9QrQ/-V-rFTkVNlDsqEFP7WnQp2cfIiRgT7oFkvDLNi4B0NY),Copywriting,- Copywriting,,Freemium,,https://www.copy.ai,Copy.ai
Anyword Social Media Post Generator,image.png (https://v5.airtableusercontent.com/v2/24/24/1703844000000/4BgN9IAWHwMYjuK87EoVkg/U7UHXXkyw6eR-jgr7tLl9puNP1jo2bXk_yB4jO25sGIThF8DxPE966q6e_ZEAviRVOPKKS3Qc9OXsXNtBBOLeSSUE3-IpqIBTiCiVVOU3g1XoGXLBe0T0BT28mC7KZMwy3S11t226Ss9lcQyIcvrdg/_ohh5wE_aH2H02a1TVlll-9Dxiebui9UZUGMAOf4Gis),Copywriting,- Copywriting,,Freemium,Social media post generator,https://anyword.com/social-post-generator/,Anyword Social Media Post Generator
