Name,Attachments,Category,Priority,Pricing,Figma Plugin Collection,Design System Tools Collection,Landing Page Collection,Creative Marketing Collection,Description,Direct Link,Slug
Component Gallery,image.png (https://v5.airtableusercontent.com/v2/23/23/1700920800000/mhSto8V3TTjnQL87j4CnBQ/6ymyNPPqpCs57TAjg6Cg0QoSNnurOw8OLTikuDZ8o2mm9fG8IvKm2mUHAwkVtZAYKPthbtyFKY4mMsTGtd3lxirQ401pwZ8G9jtWKPUrHcXJvh8OkarOHEaej0vgu8saW39TsB3uQkA79XfgSRHkzQ/B5_i1m4O4c4armdPSFWvgJUuh-oqXV_fYkczGRkt4z8),Research,4,Free,,checked,,,Research components and its properties names throught main public documentations,https://component.gallery,Component Gallery
Saas Landing Pages,image.png (https://v5.airtableusercontent.com/v2/23/23/1700920800000/t0EnXkV8jFJ_Y-OlBezDAw/uinR128bktJi_W3iueh22YIcACf2FqZEUJWs7G-pF4Oh3iaXKFABz6msSpPjP8iRLs8oIo82EPDvPMHzgw1aB4ITTOIz-9tjL9gpRUrNrIgzZW42hjCMZoJMPuVTVCDZMFxKaTiGJtxHwO2t1GP1bg/VPipWOyWjWYr2qysWExRTgHk3JVArpGItlAwQDqNZLw),Research,3,Free,,,checked,,Inspirational gallery of hundreds of different landing page designs for Saas products,https://saaslandingpage.com,Saas Landing Pages
Stats Counter,image.png (https://v5.airtableusercontent.com/v2/23/23/1700920800000/3iykd27VT7pIFYaKFNX0Og/R9quNuZcKE8DnvxysCxYe_Ro86gJZ8X2AG2VfsYrWKb1u54Kfn2HhJm7oMy0gseX1B3n-tG8kk9wuskWWapd6pz6-xXPh0l45LwJCSu5AU1AgT6T-yuQlXl0B6X0_saS4Qxv_1Qq2OAcLhrG8k8cvA/8LhUd9zBFLOfDvl8ekbDuumKmtlTeEg5eTua98IQ8OY),Research,2,Free,,,checked,,"Data tracking market share trends by device resolutions, web browser versions, and device vendors.",https://gs.statcounter.com,Stats Counter
Similar Web Browser Extension,Similar-Web-Logo.png (https://v5.airtableusercontent.com/v2/23/23/1700920800000/6t642tLjpI-6Kiak3_vtEA/bEuzQ-q4DfFlDuaJ17UQ4Ownbs8T8Z2SS6pqmQjRKvipEVa3GUn0NTM0McxZT1Sm2AtdLsUV0usTrGEU84shslzKTeQ-pnXmcPvbe46XMSyz1gpw4qHGOlsBVQauoI26I1QYKiiHt6InmSW2nPhF-KaQlO2ZmzKcqt9wPaDlGM4/7bdctqqLd4rwZK3DO00XZ6GMur8Yfa5yV_IXhfyDxaI),Research,1,Freemium,,,checked,,Find out important data about your competitors or interesting sites you have just found,https://www.similarweb.com/corp/extension/,Similar Web Browser Extension
Omlet,image.png (https://v5.airtableusercontent.com/v2/23/23/1700920800000/ScZg9i2EHhA8OJEMG6hFKw/oP4ju_A7qbs52RXCKMhjcX-WJdNjcYWWEpxmW5Qdy3mcS2HNGtutaDsqgNhdzhbJmqPY5hj-0OIWKQJYUwmR2AFvnlWaIlGf-fWQNhaWU_sTxeX-PPAW1gi1toCx0S9a30OBDTIXa4f99VDq8k12Jg/ymBDIbb2qbf0FYnJGn1yFPpXKooGi4VfDnUnp-Wtop4),Research,1,Free Beta,,checked,,,Design system component analysis tool for developers,https://omlet.dev,Omlet
UI garage,UI-Garage.png (https://v5.airtableusercontent.com/v2/23/23/1700920800000/fhvivvEeSzvayW1-tF0TPg/fFy8gT7A3U6e92fPyKmXYhD0dNMjUt7tfcqN7WNxcaxwBde4osTvlLvqM-hK0iksSsWRiSJLaucdPwP_aIa_MV-3qaAhXgCL1_IjkTrO6nToafjeP-kkiZdBTKbz1xxuYiXki9PXR818RkKuIw_aWw/6vYZiRUIL5_qjtQbUmV0eY9eh1vNtpYjTwBP65VKq2g),Research,,Free,,,,checked,Showcases of various UI designs for inspiration,https://uigarage.net,UI garage
List of research methods,image.png (https://v5.airtableusercontent.com/v2/23/23/1700920800000/eMSODAXIwO_YSx61OcP6_w/9cVD-A-uX9HYpqGTpbqSw5ZJAuStrzvvyOce8Bg_ooK4vx3xDePKShCjVCS4JdkQQWBUYF804V8BmOkNv3ozA90dcscL5c9JLdYR6jWYDDjXKI0pa9UfWqVcvWAB13pYF0b1_PNorpgIeiRHVfnl-Q/5ojZC6TLiDx-g-XqKYwLh8kw0xv55VUogNTeDUi8wBM),Research,,Free,,,,,List of guides to the most common UX methods,https://servicedesigntools.org/tools,List of research methods
CSS stats,image.png (https://v5.airtableusercontent.com/v2/23/23/1700920800000/r5BeEl-NhX7wd6WKp1SgKg/CRW-ylOTdUF9MofNCP_VMyui2HPdknVYODEDIqvwQ1OMkiMhrUdwYo1N1lSpE7xzvxUKJb-L17KX_yebsEiKftdH4kniLkH7ChYjQGKwkR7ln2pZkhI5509QsUMBXbI0rgnHQkR-qey98YQ0Eu6Ofg/SmOKvFPDN4i_n-1pCnNTohjBQCSo8DxQJBxqw6kIcSQ),Research,,Free,,checked,,,Analytics for stylesheets of live webpages,https://cssstats.com,CSS stats
Landingfolio,image.png (https://v5.airtableusercontent.com/v2/23/23/1700920800000/uFNyQTH_V1zdmJM5rU80lw/UnJhYvFfN3-TSx4R8rNG1A2VGn1jmFaRVbA1iJPPCylVUriq89BXfiQN8iEx1hE8lE8CoAmzqIEZT4XDYasMbob9Q-OL4jjg11EOv8H3Pr3XMo248Omw314DOL3hSzV35pT4snl0-YzpGkBLS0bAiw/kFFqFRZV00wchnyG77fbXcDhg0DfNOc_7Efb6XgCHb4),Research,,Free,,,checked,,Gallery of hundreds of landing pages with easy filtering and generation of used colour scales,https://www.landingfolio.com,Landingfolio
Design Systems for Figma,image.png (https://v5.airtableusercontent.com/v2/23/23/1700920800000/sYYm34s3dgYDTUctUPwxkw/YxwSW5_2YzMOi6RXtJ27vY7rq7J3gPh17ZHMYA3cuCU7krmmyOptq5tkEZwk32Vzm6g7h5gNnqEYAJTjuytNwV0Brk_CSm_E6xK_9F5bvhrJiT4DY9vQCZl4H4F587LpnR-RZxZoLHCVcJNBS-YIoA/fJWTKh3T8hn95LghHHMbfyY-NLlhApPzlYz7vpQtt9c),Research,,Free,,checked,,,Library of the largest publicly accessible design systems in Figma,https://www.designsystemsforfigma.com,Design Systems for Figma
Collect UI,image.png (https://v5.airtableusercontent.com/v2/23/23/1700920800000/eJDzs7qSbJeXJq_vSJtjww/5TvV9gcKaKlnsY2GRE38BIs0uLtv2-B80ZHE_mA9Lw1zHMa3n6zdRTUiz5kUfXFYhIy2uGxdrfPgq2zVCqOAEIMB_vTafEV1YG8_r4OJMKSRBZbp7pf_oVIEC03adpVq3D3URN0smpu5k7yOsJl6MA/6I7Z12_MgTYIOPRwqN-oHdQKseGWQWhUXZXhjmO1Cj8),Research,,Free,,,,,Gallery of UI elements for inpsiration,https://collectui.com,Collect UI
SCRNTSHTS,SCRNSHTS-logo.png (https://v5.airtableusercontent.com/v2/23/23/1700920800000/uRn54EO1XlXp59v4rTPCSA/6zWS6qnbpktNqAKOsxTXfpY-1dJsJD2wKN33loyHFdDwskMR6rR8GaUnOB3rv12IeLbR587K0smMB0uMmKv4yFN0C6R6Wgar0UbbbHYPoEMeKF7vrzFycuaailTMlHpQA1pL32sMmCHnRF69W3aOPXuFECd4z8mSYHOyy9ms1KA/Hw4nnQp7pCH67FObj3jS9HEQhvZz4nWexqxRggQE5xw),Research,,Free,,,,,Gallery of screenshots from aapstore,https://scrnshts.club,SCRNTSHTS
Bestfolios,Bestfolios-logo.png (https://v5.airtableusercontent.com/v2/23/23/1700920800000/iuZRin0I5scp3vmpcWTjpA/LCUXcgo9T7pQNhu_3ANXHHCEChxaK9lCWwSBHsMeBD_74A3E2tXe_9Y5jjzJYmDdVeda1-YvgV_bl_SLrhAPv_fFhs_0RofyUZ5FWfAzS8Tkh4krJftlAzjAUVRmBePOIJqeDQi538QSqBbIsIEhUl34rs0g8f3fwU3t-SQsjrw/u4DooBX4EPXe5CY1Ogp0mnm4h-kJuCXc1ON2LhHwsX4),Research,,Free,,,,,Gallery of portfolios,https://www.bestfolios.com,Bestfolios
Figma,image.png (https://v5.airtableusercontent.com/v2/23/23/1700920800000/lzGtHpN9dGjIgVYvUng7Cw/W7p22B5LXUGB23JKvBQ7ky4UalybctnT0Tfbp7bOi1StUVmvFRkAysFI8S8W2kpKPSi1UaKF2N0zSMAJJzgB-ue1W2Q31PrjlznLTASkjD0OWWs8PU2quaCE-7bSfwXuWjZL2fv9TGXYVgwdPF3lIQ/yO3aMVBisc_WKa5scwRUgQlp589m1Cbu3rpB5Vq4o64),Prototyping,4,Freemium,,checked,checked,,The industry standard for design and prototyping,https://www.figma.com,Figma
Uizard,Uizard-Logo.png (https://v5.airtableusercontent.com/v2/23/23/1700920800000/6JBTYwPwn4-CWiO78sAKVg/FgPaT2rqxBaUkfYLDtTycU6ZW1WJr1u3aqsfN8Eg41VBtVrDuNxssyyi3CmiSUAMtu0twvI4boeJ1ajBuJEmyqCvdFVt8ANh2fff3EV4GUEj6Su1zjpmLEOrXus-gDOq8Ls8-Ace1-wrg7u-x8j_sescfHYZP9SPoE3S99yAQBA/Gr0UMexgNlyc495vkRDodE_lEzKOCYqPwiTMyKEtT30),Prototyping,3,Freemium,,,,,"UI creation tool using several ai features such as smart assistant, wireframe to design conversion or text to ui mockups",https://uizard.io,Uizard
Lunacy,Lunacy-logo.jpeg (https://v5.airtableusercontent.com/v2/23/23/1700920800000/baVGJaH8fzjgdj-qwIzTfA/uvzRhRFABjeQnMH8mnZz9UEQaEt4LFA9l-UOa0zHVZ4Kwk8iYxOQH6nk7v_YnBKZSmZsQw6t0vLLJejFxxh5fdu4yvJ0j2dOEMRt_0dWnKl6fG--AqoYMHXxaTwxzuGXvBsLlI299g4-lxitrwuzgYsglkKIOiiUVoZIJajt4YU/YtgySGynxtaKA6kPXgI5-d-ZPfEDLQszr1zbQNFQXgc),Prototyping,2,Free,,,,checked,An AI-based UI design tool that can access assets from Icons8,https://icons8.com/lunacy,Lunacy
Mokkup.ai,Mokkup-Logo.png (https://v5.airtableusercontent.com/v2/23/23/1700920800000/aIzfW7B5ly_A2PMtsNjGlg/mkZpEsuct_unG3QtfmNcC1ic2VL__jEg0pG2Tm4NY1dcbNkC5mHomQgbp9GuKDLyPIO7f3vesLxAlZIdHjidxuDjSTkcl6e64hbo1UeqBUaaemA35qSe_5uC2dFmfLzpkXSYNkBd0_z66N8WR8XhJok8R7hekr7NroGAVKueLHU/TFjsjRcwJwl9FMbJkR-XRGyB8IgVGTwO-44ATPpLVz8),Prototyping,1,Freemium,,,,,A tool that turns a wireframe photo into a real UI design,https://mokkup.ai,Mokkup.ai
UX pin,image.png (https://v5.airtableusercontent.com/v2/23/23/1700920800000/pLaIqoMiBF2PTUBaL26B5w/NM5GYKrQiNfUYoIh6AZ4Ey0SHVxQFvsUqQQ6ufQJpng4rsnlESpdvi8evIUIQngMpRlQoeplJNpd3VcikabLiP0oeunQ-9e1iCpKnflJUF2dPeggycjMXmF6bYneMqBYQ_zb8uwK6iU9W-Ld6-JxLA/8h-xkCcqB_3I8toe9O3DTfPo_bMNlXBC8ZZxO0ej9hk),Prototyping,1,Trial,,,,,"UI design tool with support for technologies such as Storybook, npm packages and Git",https://www.uxpin.com,UX pin
visily.ai,Visily-Logo.png (https://v5.airtableusercontent.com/v2/23/23/1700920800000/g-3IJMr7pAcsCOGzxDOQCA/yGR0DyDDHd8j1Gj34OiOvi7Bmn9-6BIZANxDj6MKIYxQ4cPR9bYqo5WTVhH079HbO7LG-9fwbHYZxQHICNJFNHLLikD7Yy6twXSo-TQvsRgmuAQXzqXKQ6-mSDzk0PvbyTfh_6OsgxoTA0bNtq4yIMhZRSePHsKyJa5L655D76I/So_M0djt_aurDpJFrlJKjbYM3UAkRtnCCA0suHiYofM),Prototyping,1,Freemium,,,,,Prototyping and wireframing tool for non-designers,https://www.visily.ai,visily.ai
Sketch,image.png (https://v5.airtableusercontent.com/v2/23/23/1700920800000/9TyRAH-YN4j0bCAHfikJdg/2eAlEH-supW7hQReA5K5SMQHTMIxzTfgu_76tsi5tFtU0Ww1Xjq3y7_bN2uDIrE7870s9DVKlYUyMCh6Z_I0mMDLhJnYxvWkR4nEcHM1CF9ILL4RtevvTlLXQ31YcPbbCe09njQXNrBIwF-GhPY7Gg/0eiNaLCOIICHa0OZyhUcw-O7PbjbcI6u_L_g5CSVRuM),Prototyping,,Trial,,,,,The former king of UI design from whom the industry standard moved to Figma,https://www.sketch.com,Sketch
Modulz,image.png (https://v5.airtableusercontent.com/v2/23/23/1700920800000/yWYmByuHuHLeErycPFGQoQ/8Ab8y1R52wIieG2QcqEkFCKy2dcz7ZuopdELmk8RZx2i0IuBNQt32EO6rxsJujfgYg1F_WJVAC6xpAlU5kBACmLwRtAsLEM3tLmLqEHHdo6lu7xOMpa9OlueYsqa_d36hKoLdCLH_F0H9FS2nfPENg/WTAOhVSjekog6-KZpWswp22jfwqRBlreXxDes-VPcOA),Prototyping,,Free Beta,,,,,A design tool that tries to replace Figma. Its main advantage is live components that behave similarly to code,https://www.modulz.app,Modulz
Theme Builder by Material Design,Material-Design-Logo.png (https://v5.airtableusercontent.com/v2/23/23/1700920800000/8oiqH-de9W-ln2kgaZsJ4g/Nk0pG9ka49-MaEk5rCeZd8cSPYcBh65LtQcd3BTuM2TnbRvN659Imvf_IMh5uS5zC7NbwGDq0wYRJ5xQ3qqYPhqMMoYCa8IwKDhakcTu8hu3dPPTOFbgRBya-JxJv7qKJVJ38VIk5evnOe1vBqY2BtLXmbAZoN-0IjIWWDsy1q8/Vlp19wyRWam9KtGTYF0k1bK9zoSup171g-WfH4ay40k),Styles,2,Free,checked,checked,,,Material Design's tool for creating colour themes and scales,https://m3.material.io/theme-builder,Theme Builder by Material Design
Tokens Studio for Figma,Tokens-Studio-for-Figma.png (https://v5.airtableusercontent.com/v2/23/23/1700920800000/TmccomF6VwuQ1H9OG-RD-g/uyn8CWtzL8KG-e9bBBIm8kibtwbhrdTe8_7o74TOZbXSVNAwdWGeSPLEESjTJERBaUjpjp45xnygozhYMUh4QQFnXHYSjv8Q870DkxBrN7jtmHZtdUPXDfMLxqPhj0lRZUM1kB4EqXruzNgRWkeJxiN9NyD4f--6_uvheBQ1HHg/Fd47YUmbQBPaBhNSV139AtG5G5mqPvECwKtFejVuF4s),Styles,1,Freemium,checked,checked,,,Figma plugin for design tokens management,https://tokens.studio,Tokens Studio for Figma
Leonardo,Leonardo.png (https://v5.airtableusercontent.com/v2/23/23/1700920800000/_bCj84192UftT3gCVymVdg/xTonbxDAsuj82fOs969SGIjuU6yUrf_mE9jGuc2Dg6M-HHFnW7CEEUKVB3_WISxPWe1lX_x5I5YVq33qkBXYS7uw0p5CrKUWv8-Bu-GGhwa53vap-0rk4QU7kQmB-2kXYrzFb-kK98BFzAMocCAO2w/Qs9ro8g7IwxDKQYEGl4eWap-KhQGTEYwyHCPN_Ss1ps),Styles,,Free,,,,,Generator of color scales with information about contrast value,https://leonardocolor.io/#,Leonardo
Contrast Grid by Eight Shapes,Eight-Shapes-Logo.png (https://v5.airtableusercontent.com/v2/23/23/1700920800000/S6mRxkLSEvXZ_mAe9x1qQg/e1w7ruIWZB3Ga3DvYVjjgPo7NM2dfS023U0izovkwsJl8LxWyytdc1mSitjHiOj2hCL5yeMD5h6Kdm1e0FhkD7k-PySslzOo3jJAHGPSIXMPg16vvgokp1SBITDeRVFjzRa_tqK45DX3AqVN2Ldnhwr-Oiq6ldBA1kM6uzsZPtQ/Aa8pHjb7DaD98IFD0Ra-FVeVEpYBTA5_PsjcEL0uJKw),Styles,,Free,,checked,,,Test many foreground and background color combos for compliance with WCAG 2.0 minimum contrast,https://contrast-grid.eightshapes.com/?version=1.1.0&background-colors=&foreground-colors=%23FFFFFF%2C%20White%0D%0A%23F2F2F2%0D%0A%23DDDDDD%0D%0A%23CCCCCC%0D%0A%23888888%0D%0A%23404040%2C%20Charcoal%0D%0A%23000000%2C%20Black%0D%0A%232F78C5%2C%20Effective%20on%20Extremes%0D%0A%230F60B6%2C%20Effective%20on%20Lights%0D%0A%23398EEA%2C%20Ineffective%0D%0A&es-color-form__tile-size=compact&es-color-form__show-contrast=aaa&es-color-form__show-contrast=aa&es-color-form__show-contrast=aa18&es-color-form__show-contrast=dnp,Contrast Grid by Eight Shapes
Colorbox,ColorBox.jpeg (https://v5.airtableusercontent.com/v2/23/23/1700920800000/ihg_Q8QuMAmkAH0Sw7mcCQ/KDkpStwRRjy3zIdC_YGJQsnP78OqhvGO_F3gwAwtAICcRS-RyOTsbWhaFtD8VPIU451mftWHpBz4yYQ5_MypXWudOSK-0ePsWzRgVzqyfrD2g5263O2AYY6cc5JxSwP3ktQCxVHGkL8QF7-jN5FaFQ/INsd_No6sjxYQXHJ2oKvnZyLVVArjAMWggf357p_LhI),Styles,,Free,,,,,Very advanced color scale generator with custom Figma plugin,https://colorbox.io,Colorbox
Geenes,image.png (https://v5.airtableusercontent.com/v2/23/23/1700920800000/S5gmcbr1vezK8YJMaVObyQ/LzjmAppeZ6vHNGnYrgSjtgAPjU4SYBCZ7sfX-3x4QzA8CT-Jo7TdedPSvzE51MBk_9VyftQjMWw0qtYDY5aswBQCKm8gSO92PbYjlap5hWsd9ol-wN7CKULq8l_bOEOX1mrFDdIcGV-lAuvDHfn4wQ/ly3Y2iPWsWy-JEwjIvnoMyKAIO42XfwHdHP1kvkc0wY),Styles,,Freemium,,,,,"Comprehensive tool for generating colour scales, including curves, grids and exports to many technologies",https://geenes.app,Geenes
Design Tokens Generator,,Styles,,Free,,checked,,,"A tool that helps generate your token scales into JSON, CSS and SASS",https://tokens.layoutit.com,Design Tokens Generator
Accessible color palette builder,Snímek obrazovky 2023-05-28 v 16.32.57.png (https://v5.airtableusercontent.com/v2/23/23/1700920800000/8-LKxOM2SItZF1qGVibArg/C-q9ec_ndmZMoIRc9QsR8r3dCJPEGqVpoXtE_47vr-trO16pak98hkgiIJDQMCdORJy6YW83A_Mfn48Sa2KLj4WWRi6ZbQix7Wy73Cy7eSXgMAs5dLXQPbsnyOhFP3K1yRZsL8FUKrpmyWm5AB7P7-rXNti4SgzBWaXsv8KUp5fj3Gl3YWHB5hiY043Qs24e/WcbD5iVmo0jBWSVZJxuF3b0KetQY8F5t2ULwAPif-pM),Styles,,Free,,,,,Simple color palette builder,https://toolness.github.io/accessible-color-matrix/,Accessible color palette builder
Stark,image.png (https://v5.airtableusercontent.com/v2/23/23/1700920800000/8sVWDRtgsGnqgRFyU2RtwQ/xl0iI0ICmuJoGQCbvQ38J9lVZ7Ot2hg_sq02IVdQp_LOcagAs74nq-2YqjiERWasCe9s_UaqnLz8wdgnbfdvZCT_1V7te52Tvafiy42tDHWQboIMba0luLkG-BLzNKwYGWS_edO3PbnrYr7nc5KjUQ/WG2Zj4IssECDFA97HxjPopF7gRCUKDVcAVyXipaCo3E),Accessibility,4,Freemium,checked,checked,,,"User interface accessibility testing tool. Works as plugins to major design tools (Figma, Sketch...) and web browsers",https://www.getstark.co,Stark
Access Guide,image.png (https://v5.airtableusercontent.com/v2/23/23/1700920800000/pVPu9kbxTlHsJXoA5CMmmA/dxmpRO_UBszJfmgWf4FKn7jbgSIvmeOYEVXCFXN5vMHNGKpHr2E0R02XeWA6IYsDOiqfQU3MSEH3Zgrswqp6KjrxJT4K_hJ7_YwC8ClekaAlQEj6uxVeHjYIG1GClCSugdmFZgGXlpAunRYzmoxyYw/CfcAkxtqRaah_xqyUJe-WqVV7dihpkxjFbXxA4jYSrU),Accessibility,3,Free,,,,,Friendly introduction to accessibility,https://www.accessguide.io,Access Guide
Whocanuse,image.png (https://v5.airtableusercontent.com/v2/23/23/1700920800000/DCLfhSTkhTYJJA6gT9m1JA/p2p84FjHPp7j98SXuwo45Raqito3hA62DQtCQWkV5WHXhCWWV3TXxXGuPhzUS9VoTWc15L4zIrscC7K2q952cFlCnBHxFYG-5XoQYHcZBHOtbfb3J2tMC-rOGL5lyS0APzj-CPy4HC7BLMW9bRg5LQ/yVEOAwXPlFWyTeMwaE9MFCVpoAs_o506vAOWme97Gas),Accessibility,2,Free,,,,,Simulator of different types of colour blindness,https://www.whocanuse.com,Whocanuse
A11y Project,image.png (https://v5.airtableusercontent.com/v2/23/23/1700920800000/OoZuvkFUuVtEJtU-T302bg/gNCleFnuUNwVzyt2cyJfUWiB2H6ygY0aHb_61jDjakF6T5Uu6coJv9j7v35jHy3BohygqDn0-QaUYEwv5W1nIMA3BhBapDwEOf-zMn5AFjpuxYSiIACsK8rAkgiZlpTs-Hn6UWtQFlMGmERWSe4nIA/Lnq30SqZVnHulsTPqJRZO7W_0VZAP1rrj9pYveD2rUE),Accessibility,1,Free,,,,,A community that aims to make digital accessibility easier,https://www.a11yproject.com,A11y Project
Accesibility Checker,AccessibilityCHecker.png (https://v5.airtableusercontent.com/v2/23/23/1700920800000/haEMpIeCCqAumthmbeODjA/9ku3Az0qXch2LoNB0FjIN3SGk_5vwR354HCIJ3YkrGeJRpIPG3Oa_K9586dQhlQJ4KJVf5clc8s5srpzlllZlNAw66iSej5p4bx6f_CPdHynMTEmA_9QeAEJO9BA9HzslTjRJyD9lL4AYVisOl7bX_WY-B4g3OPf3WdNLy0zMFg/cAvngfWt6XhRdVCAOLhEjkaYUz4AXVcs8ZwPs0rCRIs),Accessibility,1,Freemium,,,,,A web page scanner that is able to identify how accessible a page is according to a chosen standard,https://www.accessibilitychecker.org,Accesibility Checker
Adee,Adee-Logo.png (https://v5.airtableusercontent.com/v2/23/23/1700920800000/A-naRV8L_EDAe-vK0l4jEw/udKgpdkeHFW66cIX914BEwVzG2oePd9whmWVXgmApmz2eqTRQUMP3zL_2KTtVyeQTGuGAG9MEK6LsdXXC9NrD4Jzr0W7N7Y4DMA3InKn-JbHp82W0ue2HSw8_wI5Fic6w1kMqaztGaGPwhbnPkQiew/xSgO6-DhsCKY3dpgjkuBe9Ps6THpY1MaoYS-3Pv6rK0),Accessibility,,Trial,,,,,Tool for contrast control and visualization of different types of color blindness,https://www.figma.com/community/plugin/931280467863251825/Adee-Comprehensive-Accessibility-Tool,Adee
Wave,Wave.png (https://v5.airtableusercontent.com/v2/23/23/1700920800000/txnFbf_STe6yulCMw2EocA/7frV37ziggB2FB9M7lHubQpdF305RofKuipExAcPGBRItmhPhKayAdcXvjz4xv0DcxYsKNm7F655tzukj6-h9qAqYtChLW15X8Ge4b596R_iA-JfbO1gwcq6lViLcUq1TQHQjU1O2cDHXSn3ocWSaQ/Y7MpgAy6VEpmQaltUNJq_Z5jherLNPEwOw2T2m0-HOI),Accessibility,,Free,,,,,Web accessibility extension for web browsers by WebAim,https://wave.webaim.org/extension/,Wave
Contrast Figma Plugin,,Accessibility,,Free,checked,,,,Color contrast checker,https://www.figma.com/community/plugin/748533339900865323/Contrast,Contrast Figma Plugin
HTML_Codesniffer,HTML_Codesniffer.png (https://v5.airtableusercontent.com/v2/23/23/1700920800000/11O0ff4j2Uka23oc18pLrw/U_SkYtXRW_jseHQaKqEoFSSqtZT89PI7uNwpRX2qQDR0Azw7YNLY8bMOoFpZ4De5Vv6-htb2LSxk-ZlWMvvgCSxKrQR2djhntLWHHWAtmgUU_FJT172k0Qlj656ecrZumeEx8TXnnZMGFtgSWOlh9ZUqlfK-8Myvw70uYwtlHb4/6pYNbknhrTWRaYftWrLhzvDBM3cM6xpHzy1YYyzwp94),Accessibility,,Free,,,,,A tool that validates inserted code against the chosen WCAG standard,https://squizlabs.github.io/HTML_CodeSniffer/,HTML_Codesniffer
Chakra,image.png (https://v5.airtableusercontent.com/v2/23/23/1700920800000/JG1gyRcRxfFAp3dvPfiZdA/NaKiXfJg5YdYReFLr4dqixN-4APGOVBHUWLSKeqC31LG7l3EDUEGOuWs0ecuqXAm0Uz0r7Nh4WYB9eppDZetNL1qW-kPQc0ca8NhwFVoql1rIxzkwYMU80bOrbBkBA1bYM-2XHbLHMNxfTvYyOZXeg/LA2u3nDfjr70RXmFlCukihrhOQJYV3dJlZOcv68LxwY),Component Libraries,4,Freemium,,checked,,, Design system framework with free component libraries for React and Figma,https://chakra-ui.com,Chakra
Material UI,image.png (https://v5.airtableusercontent.com/v2/23/23/1700920800000/6HGTDNMHB34qaRO1XYxRjw/YMlBk_N-qFvPIFwHia1ujD17c5Lm5mS7E1zZ-izkm5xl8nCNBxzHcAVDaWV1AWetL8w879r4CQ7LBbFtt9ZLwKdPgbDw1ItsLDkFvhzrvPoCTc1Nh5xKlWzzdVgDVAXy2CLHN5ZLXDn0a42Eyl0cRg/gazozJOxHM8KdFWJoQYsHKyOxFTvDiO2We5RAd98MCo),Component Libraries,3,Freemium,,,,,Large open source framework with free React librar and paid library for Figma,https://mui.com,Material UI
Bulma UI kit for Figma,image.png (https://v5.airtableusercontent.com/v2/23/23/1700920800000/G3sI3ooU70X54rQnDhOWdQ/tjv9TJqU9wG84Roq1IloGoZHT8zcijLEUoqoVSrPehJpHAzNgDzDOP6sLWpzbpJ1_r3GEB9Kc9zw4rifpfRyXtIMIksVCwhIQ3dMzLOjX84D1REOO8S2b5Gm83x-H5Y1004095jN8I9qPuclQ8Y2hw/DH67NxuK2at7XbnhWnKVOG_Zt70Y9GKYSnmTwcUkYRs),Component Libraries,2,Free,,,,,Figma library created for the Bulma CSS framework,https://www.figma.com/community/file/1156212137289942407,Bulma UI kit for Figma
Flowbite,image.png (https://v5.airtableusercontent.com/v2/23/23/1700920800000/9eHCWm_dYk659BxFx02v9A/dvDgpPrz_jPpuglYhi-XPmuRqexAwwdbTTS9Xq0bUfCAgU3Gf_6AZIjt7q89cezgwp7MU3AY6TFeoYLUqMw7yQVzLO_WZdms0X2tO7bYC2GqqohDbPH3i1-CB2OJulejV0qYSvldabLeUGG2UpYTQg/ZBICQBIhWZQY_AVIcL7R92mEW_-hG558oCsgpJQ4SF0),Component Libraries,1,Freemium,,,,,"Large component library based on Tailwind that supports a number of technologies such as React, Vue, Angular... with design asssets in Figma",https://flowbite.com,Flowbite
Apple Design Resources – iOS 17 and iPadOS 17,image.png (https://v5.airtableusercontent.com/v2/23/23/1700920800000/l-X7XqY53WCuJA3dUqWCCQ/Z5ZXhssi84jPbiS6cPPUPze7TFVd55wUxy8ytbK2cgIVfmHwU7cKwE1l8hxMk70E4KaP-mNprKfNGepH9ZqBtiPxhMnc9-IVmoWPUwnXQIwG6HYdcXSY0a41kZW7UblflJnVDlXTDqzq5t3bVYtb0w/RZ_g3rnRPcMFFlfvSUZN1CKs-wyo308V-1kGT5Juk8g),Component Libraries,,Free,,,,,Official comprehensive Figma UI library for iOS 17 and iPadOS 17,https://www.figma.com/community/file/1121065701252736567/iOS-16-UI-Kit-for-Figma,Apple Design Resources – iOS 17 and iPadOS 17
Cherry,CherryDesignSystem-Logo.png (https://v5.airtableusercontent.com/v2/23/23/1700920800000/FDhz80tB53a8NJJU7ILIKA/9rOdZeW9Vo6fasDI_DKyOgxcktMbQHXikmE2FRQkID5WNc8XAA2MfhUNuP8GkWEsAhTtWSB92kAv6dvgP7QmwsUU8pdoVKXvtQGiktAdYzmkgIbw8uF0RotUpI-vVHM4q_GT2-y5PfYLroSlNYc6J73d3RQ2DRqUCAb_6McMvlA/biJHjJu2cZrzLgnJMR7w8FYrq3o269dk7DCpjNaMy68),Component Libraries,,Free,,,,,Design system focused on WordPress with free FIgma Assets,https://cherry.design,Cherry
Bootstrap 5 UI KIT,image.png (https://v5.airtableusercontent.com/v2/23/23/1700920800000/qvWGmBY8sa5QZyhFcztmyg/-c-jUiqbs-OVsREXh6DgxwB1SBImPTQ-uJkkJ13A0xeoIUEvwfHTp2ytnVF6NDt_i1ZYccvlrRQO8bnnNNBK8a54FxSWZHT97BUu1s_OXXHqYGrw2eAg-FBqPAHvmM_va08O_OFNGCFA5i5e1YSPYw/XcaO_sgBQn2W7A4ppHKe34UK5k_ytkcqhXG1mPZua1w),Component Libraries,,Free,,,,,High quality Figma library for Bootstrap,https://www.figma.com/community/file/876022745968684318/Bootstrap-UI-Kit,Bootstrap 5 UI KIT
Material design UI Kit,image.png (https://v5.airtableusercontent.com/v2/23/23/1700920800000/AkEC71ID_vm12vStpqA7gg/lm2EMHhAPoPyU98Yhj1fNk3MlSwC27IA0tr9rfcqPq9cDECQ-0BjkU9zdm0kUmNzgIbtzBd4g7ZQUB204D-0lCMLCXssTtn3_obxtIP_SN90gMwQ6gTrCZAbqj1vKXtCsYpcV7mlR2odstM7WGlzuw/O7xGqnAnjJXRWyiF1Jomvp3Mvk3PL3U9eVXEP4Sf-CA),Component Libraries,,Free,,,,,Material design documentation including the official Figma library,https://m3.material.io,Material design UI Kit
Android UI Kit,image.png (https://v5.airtableusercontent.com/v2/23/23/1700920800000/Yf71qOkcwnZWNHgC449YXQ/43laj6FdvSgWRF5pYiskPEGTl2Y3ekSOLk2xe2PV9KHxT_q71pmORAQ-5dw9GbtnuMmoqgXAFAx6whx_vEWXNWLFoexWSmg_pbGmL2vVfpf3JldlKzk3_Pj1vHdGgNODs98UeF3kB96tlBen7GaIyQ/gKzD-0fA0sGbd3qKFpdLSdAxVKjg_TGzJTSR219dUIc),Component Libraries,,Free,,,,,The official UI library for Android apps from Material Design,https://www.figma.com/community/file/1237551184114564748/Android-UI-Kit,Android UI Kit
Untitled UI,UntitledUI-Logo.png (https://v5.airtableusercontent.com/v2/23/23/1700920800000/VVSlijh0V-8Vh28B_Y_jZQ/imGnjzczDZs-qr1weGecm6uH_VzJmDAEK_AIBT7Xaebnwc9UAYH5k6KpQ95xpUdBGq2OBgjbZcYtf9ZYAOK3F6WtNqoWtebzakHyQuUy5Nrpu84FPnMUAmAL5sTyXvov6PIfwqeoYHMdfUDEZyUy1EuUbdRM1vSx2InCljuOrt8/O44S4cleOR3aPI_ynsU09qig7OlsjfFBvdMV50wbPeM),Component Libraries,,Freemium,,,,,Large UI kit for Figma,https://www.untitledui.com/pricing,Untitled UI
NextUI,,Component Libraries,,Free,,,,,Visually impressive UI library for Next with Figma documents,https://nextui.org,NextUI
Iconify,image.png (https://v5.airtableusercontent.com/v2/23/23/1700920800000/I1wVCTpu7uTDEsYpviQgYQ/v4sokZsJYPHBnQx0Z8abo33hff8eqcnwYQry695FuV_UARdeLEZx0xZi-LrjtBWyDv1hmAb1JveG6rgnFCxAJ0f5ks_c079q3lZB2qn88U2fa-_rycsSa_h0rtsE3e_WkReomLBWgQyYtNFbuG8VVQ/pF3TxK0pcTHM949giKdLc4Aq7rlaT3dW2MgVoktsrCk),Icon Libraries,4,Free,checked,,,,"Dozens of popular icon libraries in one place, such as Material Design, FontAwesome, Phospor, Tabler and many more. Designers can use the Figma plugin and developers can use the open-source API.",https://www.figma.com/community/plugin/735098390272716381/Iconify,Iconify
Material icons,image.png (https://v5.airtableusercontent.com/v2/23/23/1700920800000/C_cAa0IkhcU0p2tTMsomZA/4HXAf4pf-bNJk6UxPi4o8UAv1_NpOPjrAMJjZS7XU-pjjjonAp6xkMLmGYbqglP4tAdkkCaqJn0el19eD85gm-xh588NbAOGyFAQ8WKGhFRxBotvRLNNTicOwp148cQ8qivd5JSaY0VOf6lI4BCrfA/m4VwKLhlO8w8hi9DiMafJ3lVZLsCqOA2sewSWg6QWXM),Icon Libraries,3,Free,,,,,Material icons have been a proven standard for years. They can also serve as a good source of inspiration for naming or inspiration for creating your own icons,https://fonts.google.com/icons,Material icons
Phospor icons,image.png (https://v5.airtableusercontent.com/v2/23/23/1700920800000/j7VmVGhSZB9EVWj7TuOfow/yhsBiJi901wYGdCBUw-LfWyZsMrpR7N4PfcCipIoHwnolYj6jFLZFjSLiX898kxNnf7ctXATlEnzr1tdgYrQzfA-wiwlB9DyvocBrEcacvft7HOowImTtV21X3g3FLn7ei9Qc7aLEucniirr-tT2Jg/WKLnSMDp2DPk1UpEBLCrAK-X8FGhiYajJVnrOteCTWg),Icon Libraries,2,Free,checked,checked,,,Over 7000 icons with adjustable size and style,https://phosphoricons.com,Phospor icons
Glyphs,image.png (https://v5.airtableusercontent.com/v2/23/23/1700920800000/gaFf8EIovHMLD8EHO-Ttew/zXxaFo6K9ND8qnCvecjvUoT2t2H3ocoLeNba3V3bJHGd1-nrPHt61XVFC9vmEtoNvlacsHEFa6OVkf-IOo3z38rjvGAAfJuZjKUx9UIpqAZTlz0sUwjaowN_D5vO4X1o0FGW3NT8Bppgkqa4JRUtIQ/fDcz60LtRTjlv3fyUS6l3FCwgvGxbzFWxjtmXhz0pv4),Icon Libraries,1,Free,,,,,"Over 6000 icons, Figma file, Web components, Github repo, documentation... What more could you ask for?",https://glyphs.fyi,Glyphs
Unicode Characters,,Icon Libraries,,Free,,,,,"The fastest option, supported by all devices, just copy and paste",https://www.vertex42.com/ExcelTips/unicode-symbols.html,Unicode Characters
Tabler icons,image.png (https://v5.airtableusercontent.com/v2/23/23/1700920800000/s-60f1vXhlXsyPIWGoU56Q/gCQFz0OWt2_h_XHsb5d8HACbYNKCjJKfFpQ1r1D7BGSH0HCbXIZ4RxFYUZGUeMkedINqjmatr1cP0vR7HZQGAgA-7AeWaLfz9OPp66Oa9mYkv-HxJE9inLfD64eibYjn8f1tutD7LEcja6EaAKK0wA/uJNW62ZfUt6-VouSoN2nIH_FYQ3-3EKEclNBL-ccwdI),Icon Libraries,,Free,checked,,,,"Gallery of more than 4000 icons in many graphic formats with support of technologies like React, Vue, Preact, Svelte, SolidJS and others",https://tabler-icons.io,Tabler icons
Atlas icons,image.png (https://v5.airtableusercontent.com/v2/23/23/1700920800000/uKIxb4nAf_-pFrAIdYruRQ/BFQucygYqctuOOyiTWKvZdebm7yQ2GhKAQv9dzljXTz9ImP949UDpXI7gaRjkSM8t31uAhA78udhUTuoF-eNHTG8SyfaULbri9Gmzcw8CFmzQeWbeKDBuz-DA2NmwnFm4qL61dawBxu6e64QDlyTdQ/_wOjsgixQUO-aXeP2idpisUAdtnakf_YdsKTbAHksvs),Icon Libraries,,Free,checked,,,,"Open source icon library, available in SVG format with variable stroke, web fonts, Figma, React, Vue and Flutter ready-to-use packages.",https://atlasicons.vectopus.com,Atlas icons
Remixicon,image.jpeg (https://v5.airtableusercontent.com/v2/23/23/1700920800000/HNXFTc-PFv9fP8OqFppMQw/mqVghWJ0t5PoBIktitrtRIYYHGtPFvewCXyZQ9Gx25foCffCv6U96pskUlKlBCYKI9pZa7SKn270OkRMz6tXpgogvtXLTUsPNt6hf8iiVHcHmsoakemZ2hz1wT7vsbBx1QSuQ-b1X0vXhF6n89jK3g/HLcsErcKcdwTkmsofBPtI0z4rotA_2WtDpMgDzA0IDU),Icon Libraries,,Free,checked,,,,Gallery of almost 2500 icons,https://remixicon.com,Remixicon
Photopea,image.png (https://v5.airtableusercontent.com/v2/23/23/1700920800000/XEfwRtrd-lnh-bAbtfMNsQ/7FgFMsG_Olk8-DmN9133oSG0ogRzkUQ2gp66W0DEiQUjUfRX2bPZr5ygz7FTl9fnF8P0e4Lu1Kkqc7CHfe1X5cwhSoyQIKMvkYpWhuxPGGApB4fl65hsP-vVmsCAhUzvsHJxbB80r_5a_pmBC1oNQw/6VcvqQaDYbKizpBoCbUEPO-Ltu1OFFau8q60e4iVDi0),Graphic Assets,4,Freemium,checked,,checked,checked,Classic Photoshop in your Figma. All for free,https://www.figma.com/community/plugin/1164118094004004837/Photopea,Photopea
Unsplash,image.png (https://v5.airtableusercontent.com/v2/23/23/1700920800000/PNBSDyoUqo0alqffqRb2UA/7mHWf88g7AazKIOyCXwm-90KYxyc82YrJL33bXl53T1Cy_rdoMRNjf3qXO5rYGYiMZvmGnzNPQHxLKUQcUSBHGEtKXeoBZJrfs4dMIqAjeNykKFb0GRK7WPzQ7-N3Bz2YDgT2iYSG1l-D3_afxxqug/HOl6zY0dQwGA15Q2NalzS2ddGuB-f0Chy_-rmWvuFe4),Graphic Assets,3,Freemium,checked,,checked,checked,A stock of free images and photos that you can download and use for any project,https://unsplash.com,Unsplash
UiFaces,image.png (https://v5.airtableusercontent.com/v2/23/23/1700920800000/ANGPWbVkfyKrAjAKaIHcUg/faGw8-7yFTzlFT8Fzr2cEes7DLaUTTy2V_iBtiffN_sLqhMeW_OdoLiD0151RZDP1R1XLJ9iyk6lOeNQTxFzEXNykH_ak4qwUP_vnZ7Gt0hoCr5_FNbWsyJlKXMNrYNO9DYigKDLqz9p406cBvtxeg/c0uqb-5pNZBcjThVVg9cVC2K0lwxvwzJfyrB2IpcO_Q),Graphic Assets,2,Free,checked,checked,,,Database of open source avatars that you can use as placeholders,https://www.uifaces.co,UiFaces
Humaaans,image.png (https://v5.airtableusercontent.com/v2/23/23/1700920800000/YvWGeXmdyl_Ymj2qbmtqrg/WZnRKxZfDHbPirOl6J4OhRTQi85KjA2yHY5b_ge2riTh9wXq6aWBCxj1i-Cr2pUIDti1qYKWfOAGb19mZK_zVwsQgICrHKxSf0-6s6sq3AiaAxKFepupAaCJ8caOXkXoubik9z4KaZXjSOga5dpXLg/i-ZsmlQ14136N9LYi3DwmUxscbBLN8B2MFZwq1Otsmg),Graphic Assets,1,Free,,,,checked,A library of vector drawings of characters that you can rearrange into any position,https://www.humaaans.com,Humaaans
Avvvatars,image.png (https://v5.airtableusercontent.com/v2/23/23/1700920800000/v9A0X_rCR119IgHylCOVPA/jmbVCGRMsvi6CbW6q5kbsUWlmCX9UeMNZ4ogr2Gycwdy_FqhEdhZyKi0S3f_l7S39qSWRLeq3HyOfpKaI5s2nat6ONMG9e9iZUe35cZxhxjlU4Rb1O4CWu3DqSSCLzGnpsXwy2U6in2L16E72Qsjag/y-TGYbD-p1P8RVkzUq55E4LagoD7RpSpNG_vVzX39E4),Graphic Assets,1,Free,,,,,Free avatar placeholders library for any project,https://avvvatars.com,Avvvatars
Logoipsum,image.png (https://v5.airtableusercontent.com/v2/23/23/1700920800000/HDRUgr2YcjwFZqfVTJzyqA/wcQrFFIdtbMs1khZcXPuTo8PsPeK_PDdWyLR-JiU6BY_3a__VAs64F-V7aZlAkSNkc3VhnU8xJO2eQ37Y7yLoEwNfFrWGSWviXWqSwyi4h2NKk0FM0yA96APgJ8bAGzcC6CSZPTatC7cfeGU2k9JNQ/-fmUpS8QdCHuqOGhWQffrHo4oIM2JxRHiQRCr77MPm0),Graphic Assets,1,Free,,,checked,checked,Gallery of logos that can be used as a placeholders in any design,https://logoipsum.com,Logoipsum
Drawkit,image.png (https://v5.airtableusercontent.com/v2/23/23/1700920800000/ZSKYgUAeWSW7f94XDSTIoA/pd2X298Rya74q0mYgaV0Djh9H_nkD5q9n8vrEMTs7RfOz3w7gO7scolEq364EMe2lm-rMuwf38s0p2Vgrt117DLkUizPcutazS5OdfsKDBISrEhYX7AwX833fI7MtYAXwIz4qoHPtsH9nRc1vNQdZA/CI9LHb1QcDEk5Zoo2zNB3sd65Rsq_mAyjMty8ycOTL4),Graphic Assets,,Freemium,,,checked,,"Gallery of hand-drawn 2D and 3D illustrations, icons and animations",https://www.drawkit.com,Drawkit
World Vector Logo,image.png (https://v5.airtableusercontent.com/v2/23/23/1700920800000/HzZuE4pffBkT_R7xUP-ZHQ/814-tJuS5WshXgrKnevJiYQfXzwH99QnElUFBf1O9XZxQf5K_LycGEKFcZYYBdohQJdK0G34xTtUTx9LEw0gOydqBr_R0dA9oMzCTqABz0okYkl1NHg6zTOiysdhen3WiRKiGhVwk74YIV88LZyA_g/jq_7cdsXmEKjviQATY1xiNa8yMygGFZp55lqUFAphMA),Graphic Assets,,Free,,,,checked,Collection of vector logos of the world's most famous brands,https://worldvectorlogo.com,World Vector Logo
Pexels,image.png (https://v5.airtableusercontent.com/v2/23/23/1700920800000/TrSfEpIg25xTyAuOkQrfdg/K2MEQGUgw8wwj6M3jqTReccnnPTSlLog3R4oF5qH5ZdaEDoIfwEMapbTWEGrFUVOrycFcInZNba8auBkONXm3CDWm7LKN7IpGWmO2vm9KigcxKEeCaMDDcZOUXwxAInPYiY-SPmIPd-kAPYj7Y8Czw/FtQIo3OLaGhZWmSVUIOyEu2pikAAyWzuk896mTT3MvM),Graphic Assets,,Free,,,,,Free Stock Photo Library for any project,https://www.pexels.com,Pexels
Generated photos,image.png (https://v5.airtableusercontent.com/v2/23/23/1700920800000/QhBXZCE42lInGB_xx_XWkQ/lS3rTEXUkZ8spaR-wjrwki6nQIeFOKJ1gCjrjtmc_P_manp2E9vsrO0ExjwIMrrE723KAoHRMadznX6gQZ4cJ1M6wk9jEHhHNHTpMm4LXPA911AQO2MHj0p6YpueQnHINAbTfxZ4TcRK1R9AD9YMvg/BAjZbDi29LL20DoSM9KxwlEREQ0P3soWqPVZPaGRxCc),Graphic Assets,,Trial,,,,,Photos of people who never existed generated by artificial intelligence,https://generated.photos,Generated photos
Supernova,image.png (https://v5.airtableusercontent.com/v2/23/23/1700920800000/pUx3UxCnr272YMd9fwr2FQ/d4Wv5I_9krZHiKtTi5_lYHVtPo65t2MNYGjz7X1Kpuzxwv7KLLEMtyzKx92BRDu9wnma1rIev_sOlfeWMY1uglXGb2VpuXvSZEume9bITLh7A4qhweAepu2uyrga89rKPf9EORC44ulzFB5noFmaJA/eu01N84wkNsaWSNo0Cb5ly_rBV7obuHx5mtguL3ujcQ),Design System Platform,4,Freemium,,checked,,,Design system platform with advanced documentation generator and intuitive token management,https://www.supernova.io,Supernova
Backlight,image.png (https://v5.airtableusercontent.com/v2/23/23/1700920800000/AlXGZIShKfTsqgXSQePK_w/QGCQj8E29h5XP6nRYhLShtu0jE1MENRFjZLYYD8JM7HyJOLh-V0Pcci5Vx-s7qs8qrBQNHwPglh6SXP0HmIr6a_2n5GRdlxcD-PTB_8-IlQUWcVSMfKLHvtjZrfpvTBVxNHVIPvXwBhLjQt04iRyAQ/30KgcFji8esEjuhB-30YIQ0QFnXBHN9PUZgZkqunmJE),Design System Platform,2,Freemium,checked,,,,Design system platform for frontend developers,https://backlight.dev/,Backlight
Specify,image.png (https://v5.airtableusercontent.com/v2/23/23/1700920800000/Qff7N9W2UThxDiSf5EmQOw/q82Cp2y9kX9hHn8vJ1wHDVZZhIhin7LVcX1n20XpJUIGPsZWysRqtMnKNeXTLwcjqSW4cuNpxYie-O8odXuGUYjzpzqIRMtLkGTBljJE5JSd0e_frkRzVWPCQVJfSJRz-No69AwH9recETYmYMuL6g/b49hjqpk3XhokReeM6Sp_E8yAVBe1NpCn2T6FEv4LDc),Design System Platform,1,Trial,,,,,Design system platform,https://specifyapp.com,Specify
Stylebit,Stylebit-Logo.png (https://v5.airtableusercontent.com/v2/23/23/1700920800000/IH-yhQg77_gc3ITkHHTOIw/7KgoBWDYT0VN6Zoe6Q9LbuxQYIRE2ahDSTD5J4c0SglJgATXBMjxaR1XJXD_yYZX9h5vZl4SgHwAw4wbs-xfeGjDWMTYpycwt4tODqkg5IFFh_Tmzz_Iq4nMSlG1NnKMHTM8TN95pLRpNYGXyj-shBaywxmtGzT1yG2yAf_28JE/_YQdDfT_cE9vBEQu4py7JOS8FI_NvbtQvpsufZimg7M),Design System Platform,,Free Beta,,,,,"Platform for creating, maintaining and measuring design system",https://stylebit.io,Stylebit
Toolabs,Toolabs-Logo.png (https://v5.airtableusercontent.com/v2/23/23/1700920800000/C7Ze1pzv5soQmm3YKnBKtA/LAKSojRaOlCI6NR0yXVrsfYIfd_TDbGsqtuMgdhsef8UD_haxL2_Gkv0ERXJ8O8p3jOYv_QCV7K4LyILoB8nLotKaPuY4neSbOQnRA8jNzL6PEgaFSexH7g37xH-usfCIyep6ihGlKoURV3mq9wSg0cqzhkg1zD-Hu_rFL-CkN8/D8a6r1pqcykOPMe8bI07HiPfZ4roZteFHFYfgtjHBAo),Design System Platform,,Free Beta,,,,,Tool for creating and maintaining a design system,https://www.toolabs.com,Toolabs
Zeroheight,image.png (https://v5.airtableusercontent.com/v2/23/23/1700920800000/Vm-jQtp7kP3QdKBNn-eIPA/TcnGSlO_S4yFdDxFAcn9ON-e-8c00QeSimI6Yzp-DNUOLxPsdGvRt-t8LaB3FlWjjahfpS7496UwkqlzrEgFSrNpOAXu6stkAnVHEPusu5Zj3VxB_5PCJFa8px-4eFpPXW1UwFIda7-So8bql0cOlw/C4LHFe5dAKqCD4bE8ZRasXJIuLR1cuo3LQux8izcvVk),Documentation,4,Freemium,,,,,Design system documentation platform,https://zeroheight.com,Zeroheight
Storybook,image.png (https://v5.airtableusercontent.com/v2/23/23/1700920800000/idCab9MVcalWujceZc5ppA/0GicwHPF9lFsIzz2t40ZB0bxpVjhYntXmuV6ccOKX6_3_OHfwpRg4wCF89GRLQR5_ytgpgMyVA7HaN2OOgJILKxx6Idu2BP1HqcVfBgQ0-iD17cFjSw5ECC403BTHdvJsYo3u6QiMUqasqQkYtnqmQ/C3HFRtlokXgwBXFU9Kxg97eBGMSdoM9o7XNnG98D5qM),Documentation,3,Freemium,,checked,,,UI tool for creating UI components and presenting them in automatically generated documentation,https://storybook.js.org,Storybook
Markpromt,image.png (https://v5.airtableusercontent.com/v2/23/23/1700920800000/HSnDx3FzhUSOZWHkri_w5A/pUC8CPM-iOiHU8EgK1ynECPz4zK_muprv-Qh1hFiDemmaIw-5XuuHlhH81QRUB7rs00gIcC2qpu7DyMDzgJ-q4BnBfduIQ-QsU1Wqov8oyUBp7aBwAQkQvMLshPn2n4YvdPq7GBJOG9zaXWW88bb7A/_4Zv6zizi5BEdK_ZFfSegSYfxwSh4skrtjp_9Zmp3Q0),Documentation,,Freemium,,,,,AI chatbot for websites and docs,https://markprompt.com/,Markpromt
Automatic StyleGuides,,Documentation,,Free,checked,,,,Plugin for generating style guides in Figma,https://www.figma.com/community/plugin/838622388628773312/Automatic-Style-Guides,Automatic StyleGuides
Auto Documentation,,Documentation,,Free,checked,,,,Plugin for generating style documentation in Figma,https://www.figma.com/community/plugin/1134018716847999330/Auto-Documentation,Auto Documentation
Your internal wiki tool,,Documentation,2,Free,,,,,What is the easiest way to get started with documentation? Use your existing internal wiki tool.,https://www.g2.com/categories/knowledge-base,Your internal wiki tool
EightShapes Specs,Eight-Shapes-Specs.png (https://v5.airtableusercontent.com/v2/23/23/1700920800000/M77E2QU6DukmFzNisu0fCw/jnLf9B_erHg5_F9Z4fvJUe1tvf_eX5SzRXWQYtorkJAJNjhvz0ljnigjOg4jBWqcHMaEw0W6QK48XF67ryYu00JkLcuPmJX00BgdISsEOT1yWNb6CfHG2fwnhAmhpWH1-VGYJOUcEMNW5NZNA5ArrHMQsqRMTK2CkQqYh8kDZPQ/8JSX1-S8iyWUiGn37DussQMMj57fdNgY_O-_gmyOzoo),Hand Off,4,Free,checked,checked,,,Figma Plugin that generates all the component variations and layouts you need to hand off to developers,https://www.figma.com/community/plugin/1205622541257680763/EightShapes-Specs,EightShapes Specs
Locofy,image.png (https://v5.airtableusercontent.com/v2/23/23/1700920800000/KNt1ul30nJ4xxPEzfTVVdQ/mLO9fdocsyL5LiRowwWAtom0vytdIfEeXOQk1QfvLeHCPX4GXngp4r_PhHte4z1CSCN31wqtJCJ1dCP8iZim2uGtuWcrPTwDVbdLiqGGsMM_SZH6wjkqHnJylljIybrKGAngAmUpNBszsSAfi3bhLg/fYCaZPFlxQnwGrUdDohGUMabNbNmhOJj5kzrjrCOmkc),Hand Off,3,Free Beta,checked,,,,"Ai conversion of Figma designs to any frontend technology CSS, React, Vue etc.",https://www.locofy.ai/convert/figma-to-react,Locofy
Story to Design,Story-to-Design.jpeg (https://v5.airtableusercontent.com/v2/23/23/1700920800000/Aj-ROwkV_pvM7gK0svV1Xg/ew0i3ZaLEJc01K5LC_OBeNgJtxZcsSERLMr5eZXYFttjYKi57rxtdUwnBwiZ3I90CDolxVLlfjLIfM2Gt8nDtVWQUD7UuPlnkGMS0gWHYROC-pADT0NSIn802igoUS497W5kPRO_hAE6DDtOMDEZBU4eEemeRcW1OycJhRTpn4g/6YfubadnwCFiKo64nHQkMrzKGCqw2Wya7bUdE4MYXUk),Hand Off,2,Trial,checked,,,,Tool which generates UI components from your library in Storybook,https://story.to.design,Story to Design
Anima,image.png (https://v5.airtableusercontent.com/v2/23/23/1700920800000/45-6XfppEXlCGNSyOAoFeA/sUguM2LKM33S_hu--PH6h7UI_bxixp_SZrtlNS-Jokz6CuqHulKRPUXbgqHkd2zCCWttTY-65MzUbSZpZJ0iTUIj4Cn17X0esTZBpWsVS2byzC4dZNgrCObhQeK7W38oMWM4hThi2Nvu76yvgxYV4w/EZu97rNaMsJnDvgpcr6KZ40T0r_ropMZi3hvj2C6dVU),Hand Off,,Freemium,checked,,,,Tool for generating frontend code from Figma,https://www.animaapp.com,Anima
Sympli,Sympli-Logo.png (https://v5.airtableusercontent.com/v2/23/23/1700920800000/LjCJoA5BcbIDAFR4dvSOsg/gMHt3ctZQtEMYZ0bYyGzVI1j6QBpHSjhrYLUtLcQEPfGW5T6erTQ8VaS9hqR4PqYzCVBmY8X2NxL34jxKBaQxwsuqU8tFfw1HSsBg3-BEBCTXuzxvcEXTONATiT8Xkfu0DtF9fwBVrBMAco3iuabd2zoHjNzcf9jnmVK57lqNOc/L62ZDK8MdNp70FdHxuKeMKGvs9vfpdHXMP8GvuVuHAw),Hand Off,,Trial,checked,,,,A tool that simplifies the design handoff,https://sympli.io,Sympli
Framer,image.png (https://v5.airtableusercontent.com/v2/23/23/1700920800000/RqBown6AUATd8sZRO_L6Dw/4IYFTFuvQvmvK9ZUNObWcMykTywrq_TXVSQJAHS-utmX5n_Ac2DcHxjB0648gky7VDBKoEYnTpo0PTdWucfNQucc_NId8TrUlgboCGGk8JTfCLboKec1slpb56lQgRhwaqKMkz3A7LTYkcShNaJviw/0HHQ5M-8rhmGSgdcGXu2VbUweCaufIgY__He0n2tf0E),Website Builder,4,Freemium,,,checked,checked,"Website Builder, which combines the simplicity of creating a UI design as we know it from Figma with the simplicity of publishing a real website as we know it for example from Webflow",https://www.framer.com,Framer
Webflow,image.png (https://v5.airtableusercontent.com/v2/23/23/1700920800000/4MQdCL0N9tIo3E_4s-mYCQ/KzK8ziDOXjbeJwHQO3gX0_rPCSfmxGJBFPufAMDn5H_u9JcH-Nj6rIAarQc0oPXw9JO9a-lhPOKxQHeWCkDCZHQ345w8dFsFy9UnVihXmonR4HeNAIcyOvnHYQkyhzJouz05HjmkR1I5iDpvT8_X1A/znt5n3oCUeGWbhJRCx6gcNRbG0TN91tCp7d5DnZnZxA),Website Builder,3,Freemium,,,,,A website builder that made it possible for non-coding designers to create a live website,https://webflow.com,Webflow
Canva Websites,Canva-Logo.png (https://v5.airtableusercontent.com/v2/23/23/1700920800000/burdunw3-N8XGkn7tarL0g/ThNVoRUjPWBW7M7iWrtDquYa7bX01zGVKfN288U7M4NNZvjWquu72zfVFzTuDlsGOGVMW9oJPDJptXIhJ8P4QPPcMGWQ5Yt2Gn1FMOOTtpdwZlQ65DaIfb7P7v_iuS7vHNLSnOSvN32k9RII8e06Zg/RtpYqRIgBdE48m15QudfvGcu90CLdrXwQuu909TWDhc),Website Builder,1,Free,,,,,Online tool for creating simple websites,https://www.canva.com/website-builder,Canva Websites
Webstudio,Webstudio-Logo.png (https://v5.airtableusercontent.com/v2/23/23/1700920800000/yYjYl0EgS8ZudiFMfEcpeA/Rb2P9h0NC_STsUAWGAgrMYNm2d22VRtaIy1U-Er1_rRYWHSzPvYnPDVPgsPeCOgl5Ih-9ZY6veg4kZ36X2spc4POvoHVmajmn8dZBKQjb_jN2z-lZF1bsL4aT6eFDJT88ILuvHp4sESmcQdKM4pIgiGkmYLaTL6bDQpTvJ9V_Eo/i1O1L4BrIUWUTsxG0ucjQVqnKREQfmjR_R8xqvD9wjY),Website Builder,,Freemium,,,,,No-code website builder,https://webstudio.is/pricing,Webstudio
Startup,Startup-logo.png (https://v5.airtableusercontent.com/v2/23/23/1700920800000/mSa2-peM7Z6qkv8qCBHoZg/rg_fxm5n_WLIoh9t5mLSF7kqZ5bJlUxnXEYyJaClRZiIbhg4j4V4swd19B4s-7nSybdyHxno9kQSxB89xX8d5idVKkeBf39iT8E84MIZTcR5rl7_vyGExpzqKvnKDrPaiLk-nd5Qo9L7u9D6BPO6GH6z08GPH7DMcuARDd7-Ro0/8KEd4vZfTnQrHG4MAFyQeIUBv62sr2N0CXT51oXcPUM),Website Builder,,Freemium,,,,,No-code web builder for startup landing pages,https://designmodo.com/startup/,Startup
Onuniverse,Onuniverse-Logo.png (https://v5.airtableusercontent.com/v2/23/23/1700920800000/cDmEzmK8k3s1ajU2aayTMA/x7jC7GutTQGxjNnLjYqq2WJeb5ZCpOML7_-C2rJL2cYiPF4VPH-OjkNGmcLJ_XWk3d_7ZFZ5oyGWdCenmLc6BKimAHDdQdHbTy_2qtRzvTY3w5iwwnHCRxMUekMyup42WJn-mDWzUUb58-n2yxzPUlIwO6hD_wfIkWfY6xvVgoU/wGfOftbtOqK9jU7T-R7IiyHmjj1AXuhvbADatuFg62c),Website Builder,,Freemium,,,,,Website builder in a mobile app,https://onuniverse.com,Onuniverse
Builder X,BuilderX-logo.png (https://v5.airtableusercontent.com/v2/23/23/1700920800000/bG4U6D89LSC26s5OBSKWEA/YRRl4VWCynp0tI0QELDItHxc7P7EQ9VsDrDBBfiU4ysau8sEltWZXUnV575eAFgyHxv8OSlWzrTupygoXcClEQMLkuxFKAWbCphS25QA7Vke2aOvba8U6qwR7irmF9DwXpkexsjv_rqtoo9l6ZBUeFZ5wL7yWO8FPbx8z-RFMC8/nPj8quQ4rQQ9VLgfi0Wa1eDXR5s9FPBtGPneE_Rvgc4),Website Builder,,Freemium,,,,,Web-based online tool for creating react native applications,https://builderx.io,Builder X
Podia,Podia-logo.png (https://v5.airtableusercontent.com/v2/23/23/1700920800000/fMPJQKo4HULpCdVkGwHLSg/88dSvXy5cI1_AZVNo-W9e2CxtMuFoBXT5s4I-xA5YL8jSUlOkTJnLBG0p4IwLnCu0iA90L07dDOhP8TSBv8cHcSawCZujdqDitCp-dq5FQHcanErUjkgbaxX5FXPvXYHjF-_O5G7IVcnWwSVsi5IxA/xmco03JmO7ueG9VlYeO795Erz3zcAilNoGIqbPY0Wr8),Website Builder,,Freemium,,,,,"A tool perfect for creating your own online courses, selling online files or consultations",https://www.podia.com,Podia
Frontitude,image.png (https://v5.airtableusercontent.com/v2/23/23/1700920800000/Fhr2gJGBKAmR2nHM77uVjQ/oAICXt-E-XKtSmemd4HzgtjMMEN2nC7agWLI4qEkYHxz-17tA4pl29hGR5zf_bF698zzLpoI-a38VohU3Vm-7IKib3HXabPH_CTGLiMctpY-HaV1f8At1FFh-qHdmA93zxAHGY5HpIKQXt3BDulPUQ/JAf7b-RaDroGMyON9ivwJLcH3Jx_Bx4GDPqiQPjtY9A),Copywriting,1,Freemium,checked,,checked,,Figma plugin that helps to improve your microcopy,https://www.frontitude.com/ux-writing-assistant,Frontitude
Storyblok,image.png (https://v5.airtableusercontent.com/v2/23/23/1700920800000/ekeqVocyfd8DZuOUdZ78bw/55AbUZbvyz4NBOsWoWeSjuBCW4_4q90_zSjbLugqsr3Tw__gt2ZXYcz-76mVHknhE1BFErpAauASCsolYyVYwthocEgOleya3aYQ6fW3esUbKce8216WAxCntcPFego1Il0sERMAJQfBgnReVQnnag/Z_21s8cb6caaGeqYgg8ixdEesuhYB-MripdTmQoWme4),Copywriting,,Trial,,,,,,https://www.storyblok.com,Storyblok
Copy.ai,image.png (https://v5.airtableusercontent.com/v2/23/23/1700920800000/VRHfGLV5IQ5mIODKMLG0bA/bNSTfeIwaJ102_zi4rCEbQW_Jb138A5nbkAa3ILSuftac3qTewaQJtqbmycKLu3QWVdKOYpyDZmU9BaZoxMOdGbQp86DutTKZ0CBVGelDLOVowElng9pt2bFWN_3HK6u3BjEE_W7vnNsW7JXcSstlg/Bs0SpvqFYCf9aSJ6HqJY-mL1ZXKyzZVRON4FpUo6BjE),Copywriting,,Freemium,,,,checked,,https://www.copy.ai,Copy.ai
Anyword Social Media Post Generator,image.png (https://v5.airtableusercontent.com/v2/23/23/1700920800000/2sMXiZivl2ugxppS-A8zDQ/ud5sdw4WVqNsWrQ7c6i0y8W33r3ZEb5WCf9FxXbSNiTojqUvlYZLGl2rzcw_xHnBaEXlmJH8NKcpfeIV_98xsDWS3_3QszxNoVU7Xe2MDSuw-ruvndo5sL0IBEFKefDV0F1KaPilOiqq5PtFV9EyKw/CvmOQiuC3Q27P4p3jCXrl-VKVNv0P6gJ6WnsedZBZiA),Copywriting,,Freemium,,,,checked,Social media post generator,https://anyword.com/social-post-generator/,Anyword Social Media Post Generator